,Links,Title,Price,Color
0,,,,
1,https://www.carpages.ca/new-cars/prince-edward-island/charlottetown/2022-hyundai-santa-fe-7765062/,2022 Hyundai Santa Fe,"$46,139",Black
2,https://www.carpages.ca/new-cars/ontario/windsor/2022-hyundai-tucson-7764966/,2022 Hyundai Tucson,"$41,599",Titan Grey
3,https://www.carpages.ca/used-cars/ontario/guelph/2018-ford-fusion-7764879/,2018 Ford Fusion,"$24,888",Gray
4,https://www.carpages.ca/used-cars/ontario/guelph/2018-chevrolet-volt-7764870/,2018 Chevrolet Volt,"$24,995",Blue
5,https://www.carpages.ca/used-cars/british-columbia/langley/2020-toyota-corolla-7764732/,2020 Toyota Corolla,"$29,990",01K3
6,https://www.carpages.ca/new-cars/nova-scotia/halifax/2022-volvo-xc60-7764684/,2022 Volvo XC60,"$70,965",Platinum Grey Metallic
7,https://www.carpages.ca/used-cars/ontario/kingston/2019-ford-fusion-7764636/,2019 Ford Fusion,"$24,901",Black
8,https://www.carpages.ca/new-cars/ontario/kingston/2021-ford-f-150-7764621/,2021 Ford F-150,"$64,309",RAPID RED MET TINTED CC
9,https://www.carpages.ca/new-cars/manitoba/winnipeg/2021-ford-f-150-7762350/,2021 Ford F-150,"$80,975",Oxford White
10,https://www.carpages.ca/new-cars/manitoba/winnipeg/2021-ford-escape-7762335/,2021 Ford Escape,"$42,604",Agate Black Metallic
11,https://www.carpages.ca/used-cars/british-columbia/abbotsford/2019-tesla-model-3-7762251/,2019 Tesla Model 3,"$62,995",Red
12,https://www.carpages.ca/used-cars/alberta/calgary/2018-mitsubishi-outlander-7762227/,2018 Mitsubishi Outlander,"$29,995",Black
13,https://www.carpages.ca/used-cars/ontario/ancaster/2015-lexus-ct-200h-7761696/,2015 Lexus CT 200h,"$17,866",Black
14,https://www.carpages.ca/new-cars/ontario/ancaster/2022-toyota-prius-7761663/,2022 Toyota Prius,"$33,077",Silver
15,https://www.carpages.ca/new-cars/ontario/ancaster/2021-toyota-venza-7761651/,2021 Toyota Venza,"$48,277",Dark Blue
16,https://www.carpages.ca/new-cars/saskatchewan/regina/2022-lexus-ux-7761489/,2022 Lexus UX,"$48,095",Green
17,https://www.carpages.ca/new-cars/saskatchewan/regina/2021-lexus-ux-7761486/,2021 Lexus UX,"$47,645",White
18,https://www.carpages.ca/new-cars/alberta/edmonton/2021-land-rover-range-rover-7761132/,2021 Land Rover Range Rover,"$137,768",White
19,https://www.carpages.ca/new-cars/ontario/tilbury/2021-ford-f-150-7760193/,2021 Ford F-150,"$65,999",Grey
20,https://www.carpages.ca/new-cars/ontario/north-temiskaming-shores/2021-toyota-venza-7760181/,2021 Toyota Venza,"$50,758",Blizzard
21,https://www.carpages.ca/new-cars/ontario/chatham/2021-ford-f-150-7760124/,2021 Ford F-150,"$78,684",White
22,https://www.carpages.ca/new-cars/ontario/mississauga/2022-hyundai-tucson-7759176/,2022 Hyundai Tucson,"$39,099",Deep Sea Blue
23,https://www.carpages.ca/new-cars/nova-scotia/halifax/2022-volvo-xc60-7758873/,2022 Volvo XC60,"$74,820",Platinum Grey Metallic
24,https://www.carpages.ca/new-cars/nova-scotia/halifax/2022-volvo-xc60-7758870/,2022 Volvo XC60,"$71,930",Pine Grey Metallic
25,https://www.carpages.ca/new-cars/nova-scotia/halifax/2022-volvo-xc60-7758867/,2022 Volvo XC60,"$53,835",Ice White
26,https://www.carpages.ca/new-cars/nova-scotia/halifax/2022-volvo-xc60-7758864/,2022 Volvo XC60,"$64,770",SILVER DAWN METALLIC
27,https://www.carpages.ca/new-cars/nova-scotia/halifax/2022-volvo-xc60-7758855/,2022 Volvo XC60,"$85,920",Platinum Grey Metallic
28,https://www.carpages.ca/used-cars/ontario/nipigon/2019-ford-f-150-7758831/,2019 Ford F-150,"$52,160.50",Ingot Silver
29,https://www.carpages.ca/new-cars/manitoba/brandon/2022-ford-f-250-7758696/,2022 Ford F-250,"$58,694",White
30,https://www.carpages.ca/used-cars/ontario/new-hamburg/2014-chrysler-200-7758570/,2014 Chrysler 200,"$12,499",Granite Crystal Metallic Clearcoat
31,https://www.carpages.ca/used-cars/ontario/ottawa/2019-ford-f-150-7758501/,2019 Ford F-150,"$46,117.25",Magnetic
32,https://www.carpages.ca/used-cars/ontario/ottawa/2019-ford-f-150-7758498/,2019 Ford F-150,"$46,117.25",Magnetic
33,https://www.carpages.ca/new-cars/ontario/ottawa/2021-ford-f-150-7758474/,2021 Ford F-150,"$52,219",Oxford White
34,https://www.carpages.ca/new-cars/ontario/ottawa/2021-ford-f-150-7758471/,2021 Ford F-150,"$68,124",Antimatter Blue Metallic
35,https://www.carpages.ca/new-cars/ontario/ottawa/2021-ford-f-150-7758453/,2021 Ford F-150,"$65,469",Space White Metallic
36,https://www.carpages.ca/new-cars/british-columbia/sechelt/2021-ford-escape-7758117/,2021 Ford Escape,"$49,194",Rapid Red Metallic Tinted Clearcoat
37,https://www.carpages.ca/used-cars/british-columbia/campbell-river/2020-honda-clarity-7758051/,2020 Honda Clarity,"$46,888",Grey
38,https://www.carpages.ca/used-cars/ontario/brampton/2021-tesla-model-y-7757349/,2021 Tesla Model Y,"$87,995",Pearl White Multi-Coat
39,https://www.carpages.ca/used-cars/ontario/brampton/2019-tesla-model-3-7757343/,2019 Tesla Model 3,"$58,495",Red Multi-Coat
40,https://www.carpages.ca/used-cars/ontario/cobourg/2020-lexus-rx-450h-7756770/,2020 Lexus RX 450h,"$55,940",Blue
41,https://www.carpages.ca/used-cars/ontario/north-york/2021-mercedes-benz-s-class-7754787/,2021 Mercedes-Benz S-Class,"$199,980",Black
42,https://www.carpages.ca/new-cars/saskatchewan/saskatoon/2022-ram-1500-7754145/,2022 RAM 1500,"$80,105",Granite Crystal Metallic
43,https://www.carpages.ca/new-cars/saskatchewan/saskatoon/2022-ram-1500-7754142/,2022 RAM 1500,"$80,055",Patriot Blue Pearl
44,https://www.carpages.ca/new-cars/manitoba/winnipeg/2022-audi-q5-7754064/,2022 Audi Q5,"$63,512",Mythos Black Metallic
45,https://www.carpages.ca/new-cars/manitoba/winnipeg/2022-audi-q5-7754061/,2022 Audi Q5,"$57,422",Ibis White
46,https://www.carpages.ca/used-cars/ontario/bolton/2020-mercedes-benz-gle-7753743/,2020 Mercedes-Benz GLE,"$76,298",White
47,https://www.carpages.ca/used-cars/ontario/bolton/2020-mercedes-benz-gle-7753740/,2020 Mercedes-Benz GLE,"$76,198",Black
48,https://www.carpages.ca/used-cars/ontario/oakville/2019-kia-soul-7753659/,2019 Kia Soul,"$25,490",Black
49,https://www.carpages.ca/used-cars/nova-scotia/halifax/2013-hyundai-sonata-7753641/,2013 Hyundai Sonata,"$3,995",BLACK DIAMOND|GREY
50,https://www.carpages.ca/used-cars/ontario/mississauga/2010-ford-escape-7778331/,2010 Ford Escape,"$3,396",Sterling Grey Metallic
51,https://www.carpages.ca/used-cars/ontario/north-york/2010-lexus-rx-450h-7776762/,2010 Lexus RX 450h,"$16,999",Silver
52,https://www.carpages.ca/used-cars/ontario/north-york/2012-toyota-highlander-hybrid-7776690/,2012 Toyota Highlander Hybrid,"$19,995",Pearl White
53,https://www.carpages.ca/used-cars/ontario/tilbury/2014-tesla-model-s-7776210/,2014 Tesla Model S,"$47,999",Brown
54,https://www.carpages.ca/new-cars/ontario/cornwall/2021-ford-f-150-7775955/,2021 Ford F-150,"$77,185",Red
55,https://www.carpages.ca/new-cars/ontario/cornwall/2021-ford-f-150-7775952/,2021 Ford F-150,"$64,519",Black
56,https://www.carpages.ca/used-cars/ontario/stittsville/2012-toyota-camry-7775925/,2012 Toyota Camry,"$12,999",White
57,https://www.carpages.ca/used-cars/british-columbia/port-coquitlam/2016-tesla-model-s-7775844/,2016 Tesla Model S,"$57,995",Black
58,https://www.carpages.ca/used-cars/new-brunswick/dieppe/2021-mercedes-benz-gle-7775715/,2021 Mercedes-Benz GLE,"$99,999",Selenite Grey Met
59,https://www.carpages.ca/used-cars/ontario/oakville/2018-tesla-model-x-7775580/,2018 Tesla Model X,"$89,950",Grey
60,https://www.carpages.ca/new-cars/nova-scotia/halifax/2022-hyundai-tucson-7774680/,2022 Hyundai Tucson,"$40,824",Crystal White
61,https://www.carpages.ca/new-cars/new-brunswick/woodstock/2021-ford-escape-7774470/,2021 Ford Escape,"$41,544",Black
62,https://www.carpages.ca/used-cars/saskatchewan/regina/2019-ford-fusion-7773810/,2019 Ford Fusion,"$22,915",Silver
63,https://www.carpages.ca/new-cars/ontario/kanata/2022-hyundai-ioniq-hybrid-7773492/,2022 Hyundai Ioniq Hybrid,"$31,690",Fiery Red
64,https://www.carpages.ca/new-cars/ontario/north-bay/2022-hyundai-tucson-7772742/,2022 Hyundai Tucson,"$43,724",ASH BLACK
65,https://www.carpages.ca/used-cars/ontario/north-york/2011-toyota-camry-7772541/,2011 Toyota Camry,"$10,950",Grey
66,https://www.carpages.ca/new-cars/saskatchewan/regina/2022-lexus-ux-7772214/,2022 Lexus UX,"$47,295",Grey
67,https://www.carpages.ca/new-cars/saskatchewan/regina/2022-ram-1500-7770732/,2022 RAM 1500,"$78,769",Patriot Blue Pearl
68,https://www.carpages.ca/new-cars/saskatchewan/regina/2022-ram-1500-7770729/,2022 RAM 1500,"$78,819",Maximum Steel Metallic
69,https://www.carpages.ca/new-cars/saskatchewan/regina/2022-ram-1500-7770726/,2022 RAM 1500,"$78,924",Ivory Tri-Coat Pearl
70,https://www.carpages.ca/new-cars/saskatchewan/regina/2022-ram-1500-7770723/,2022 RAM 1500,"$78,869",Diamond Black Crystal Pearlcoat
71,https://www.carpages.ca/new-cars/saskatchewan/regina/2022-ram-1500-7770720/,2022 RAM 1500,"$78,819",Granite Crystal Metallic
72,https://www.carpages.ca/new-cars/saskatchewan/regina/2022-ram-1500-7770717/,2022 RAM 1500,"$78,374",Bright White
73,https://www.carpages.ca/new-cars/ontario/windsor/2022-hyundai-tucson-7770648/,2022 Hyundai Tucson,"$41,599",Crystal White
74,https://www.carpages.ca/new-cars/ontario/windsor/2022-hyundai-tucson-7770645/,2022 Hyundai Tucson,"$41,599",ASH BLACK
75,https://www.carpages.ca/new-cars/nova-scotia/port-hawkesbury/2021-toyota-venza-7770636/,2021 Toyota Venza,"$47,690",01K9 COASTAL GRAY METALLIC
76,https://www.carpages.ca/used-cars/ontario/thornhill/2016-hyundai-sonata-7770630/,2016 Hyundai Sonata,"$15,410",Black
77,https://www.carpages.ca/used-cars/ontario/kingston/2015-cadillac-srx-7770564/,2015 Cadillac SRX,"$19,999",Grey
78,https://www.carpages.ca/new-cars/ontario/kingston/2021-ford-f-150-7770558/,2021 Ford F-150,"$65,519",Carbonized Grey Metallic
79,https://www.carpages.ca/new-cars/ontario/peterborough/2022-ford-f-250-7770330/,2022 Ford F-250,"$54,179",Oxford White YZ
80,https://www.carpages.ca/new-cars/ontario/niagara-falls/2021-ford-transit-7770303/,2021 Ford Transit,"$54,698",White
81,https://www.carpages.ca/new-cars/ontario/niagara-falls/2022-ford-escape-7770297/,2022 Ford Escape,"$39,943",Oxford White
82,https://www.carpages.ca/new-cars/ontario/niagara-falls/2022-ford-escape-7770294/,2022 Ford Escape,"$45,443",Iconic Silver Metallic
83,https://www.carpages.ca/new-cars/ontario/niagara-falls/2022-ford-f-350-7770291/,2022 Ford F-350,"$56,593",Cial Dealer Account Adjustm
84,https://www.carpages.ca/new-cars/saskatchewan/regina/2021-ford-escape-7770183/,2021 Ford Escape,"$40,394",Agate Black Metallic
85,https://www.carpages.ca/new-cars/ontario/bracebridge/2021-jeep-wrangler-7769868/,2021 Jeep Wrangler,"$60,656",Green
86,https://www.carpages.ca/used-cars/ontario/clarington/2019-tesla-model-3-7769196/,2019 Tesla Model 3,"$54,995",Pearl White Multi-Coat
87,https://www.carpages.ca/used-cars/ontario/brampton/2019-chevrolet-bolt-7769100/,2019 Chevrolet Bolt,"$33,795",Silver Ice Metallic
88,https://www.carpages.ca/used-cars/ontario/brantford/2021-tesla-model-3-7767564/,2021 Tesla Model 3,"$62,988",Blue
89,https://www.carpages.ca/used-cars/ontario/brantford/2020-tesla-model-3-7767561/,2020 Tesla Model 3,"$59,988",White
90,https://www.carpages.ca/used-cars/ontario/brantford/2020-tesla-model-3-7767558/,2020 Tesla Model 3,"$59,988",Blue
91,https://www.carpages.ca/used-cars/ontario/brampton/2020-hyundai-sonata-7767531/,2020 Hyundai Sonata,"$39,900",Black
92,https://www.carpages.ca/new-cars/alberta/fort-saskatchewan/2021-ford-f-150-7767390/,2021 Ford F-150,"$90,195",White
93,https://www.carpages.ca/used-cars/alberta/edmonton/2007-honda-civic-7767291/,2007 Honda Civic,"$6,450",Silver
94,https://www.carpages.ca/used-cars/ontario/kitchener/2017-toyota-camry-7765488/,2017 Toyota Camry,"$24,453",Red
95,https://www.carpages.ca/new-cars/alberta/edmonton/2022-lexus-ux-7765467/,2022 Lexus UX,"$49,121",Caviar
96,https://www.carpages.ca/new-cars/alberta/edmonton/2022-lexus-ux-7765449/,2022 Lexus UX,"$43,821",Nebula Grey Pearl
97,https://www.carpages.ca/new-cars/alberta/edmonton/2022-lexus-ux-7765437/,2022 Lexus UX,"$50,900",Eminent White Pearl
98,https://www.carpages.ca/new-cars/alberta/edmonton/2022-lexus-ux-7765404/,2022 Lexus UX,"$46,271",Ultra White
99,https://www.carpages.ca/new-cars/ontario/tilbury/2021-ford-f-150-7790853/,2021 Ford F-150,"$77,485",White
100,https://www.carpages.ca/new-cars/british-columbia/langley/2022-toyota-camry-7789464/,2022 Toyota Camry,"$37,650",0218 BLK
101,https://www.carpages.ca/new-cars/british-columbia/langley/2022-toyota-camry-7789461/,2022 Toyota Camry,"$31,050",0040 WHI
102,https://www.carpages.ca/new-cars/manitoba/brandon/2021-ford-f-150-7789404/,2021 Ford F-150,"$60,024",Oxford White
103,https://www.carpages.ca/new-cars/manitoba/brandon/2021-ford-f-150-7789395/,2021 Ford F-150,"$68,180",Oxford White
104,https://www.carpages.ca/used-cars/ontario/mississauga/2017-ford-fusion-7789101/,2017 Ford Fusion,"$21,998",White Platinum Metallic Tri-Coat
105,https://www.carpages.ca/used-cars/ontario/mississauga/2018-ford-f-150-7789089/,2018 Ford F-150,"$36,998",
106,https://www.carpages.ca/new-cars/ontario/mississauga/2021-ford-escape-7789077/,2021 Ford Escape,"$44,369",STAR WHITE METALLIC TRI-COAT
107,https://www.carpages.ca/new-cars/ontario/oakville/2021-ford-escape-7788987/,2021 Ford Escape,"$41,496",Carbonized Grey Metallic
108,https://www.carpages.ca/new-cars/saskatchewan/regina/2021-ford-escape-7788984/,2021 Ford Escape,"$45,194",Velocity Blue Metallic
109,https://www.carpages.ca/new-cars/saskatchewan/prince-albert/2021-ford-f-150-7788567/,2021 Ford F-150,"$64,859",Carbonized Grey Metallic
110,https://www.carpages.ca/new-cars/saskatchewan/prince-albert/2021-ford-f-150-7788564/,2021 Ford F-150,"$91,175",Rapid Red Metallic Tinted Clearcoat
111,https://www.carpages.ca/new-cars/ontario/nepean/2022-hyundai-tucson-7788483/,2022 Hyundai Tucson,"$41,907",Deep SEA
112,https://www.carpages.ca/new-cars/ontario/kanata/2022-hyundai-ioniq-7788354/,2022 Hyundai IONIQ,"$35,540",Typhoon Silv
113,https://www.carpages.ca/used-cars/ontario/north-york/2019-tesla-model-3-7787454/,2019 Tesla Model 3,"$52,995",Solid Black
114,https://www.carpages.ca/used-cars/ontario/north-york/2019-tesla-model-3-7787436/,2019 Tesla Model 3,"$55,995",Solid Black
115,https://www.carpages.ca/used-cars/ontario/ottawa/2014-ford-focus-7787238/,2014 Ford Focus,"$11,495",Silver
116,https://www.carpages.ca/new-cars/nova-scotia/port-hawkesbury/2021-ford-escape-7785519/,2021 Ford Escape,"$44,494",Agate Black Metallic
117,https://www.carpages.ca/new-cars/manitoba/portage-la-prairie/2022-toyota-corolla-7784652/,2022 Toyota Corolla,"$27,318.75",01F7 GRY
118,https://www.carpages.ca/new-cars/alberta/edmonton/2022-lexus-rx-450h-7784511/,2022 Lexus RX 450h,"$63,621",Eminent White Pearl
119,https://www.carpages.ca/new-cars/saskatchewan/saskatoon/2021-jeep-wrangler-7784247/,2021 Jeep Wrangler,"$59,670",Sting-Grey
120,https://www.carpages.ca/new-cars/saskatchewan/saskatoon/2022-ram-1500-7784229/,2022 RAM 1500,"$80,210",Ivory Tri-Coat Pearl
121,https://www.carpages.ca/new-cars/manitoba/winnipeg/2021-jeep-wrangler-7784142/,2021 Jeep Wrangler,"$61,900",Black
122,https://www.carpages.ca/used-cars/manitoba/winnipeg/2020-ram-1500-7784091/,2020 RAM 1500,"$78,000",Ivory Tri-Coat Pearl
123,https://www.carpages.ca/new-cars/ontario/windsor/2022-hyundai-sonata-7783878/,2022 Hyundai Sonata,"$40,649",Hyper White
124,https://www.carpages.ca/new-cars/ontario/windsor/2022-hyundai-elantra-7783863/,2022 Hyundai Elantra,"$27,099",Cyber Grey
125,https://www.carpages.ca/new-cars/nova-scotia/halifax/2021-jeep-wrangler-7783497/,2021 Jeep Wrangler,"$64,610",Black
126,https://www.carpages.ca/new-cars/nova-scotia/halifax/2021-jeep-wrangler-7783494/,2021 Jeep Wrangler,"$60,670",FIRECRACKER RED
127,https://www.carpages.ca/new-cars/saskatchewan/regina/2021-ford-escape-7783338/,2021 Ford Escape,"$45,744",STAR WHITE METALLIC TRI-COAT
128,https://www.carpages.ca/new-cars/british-columbia/abbotsford/2021-jeep-wrangler-7783179/,2021 Jeep Wrangler,"$60,195",Sarge Green
129,https://www.carpages.ca/used-cars/british-columbia/surrey/2020-tesla-model-3-7783146/,2020 Tesla Model 3,"$56,885",Grey
130,https://www.carpages.ca/new-cars/alberta/high-river/2021-toyota-highlander-7783038/,2021 Toyota Highlander,"$50,410",Magnetic Grey Metallic
131,https://www.carpages.ca/new-cars/saskatchewan/prince-albert/2021-ford-escape-7783023/,2021 Ford Escape,"$43,444",DESERT GOLD METALLIC
132,https://www.carpages.ca/new-cars/ontario/brantford/2022-hyundai-tucson-7782753/,2022 Hyundai Tucson,"$44,187",CRYSTAL WHITE(TW3-NNB)-BLACK
133,https://www.carpages.ca/used-cars/ontario/north-york/2018-tesla-model-3-7782060/,2018 Tesla Model 3,"$54,995",White
134,https://www.carpages.ca/used-cars/manitoba/winnipeg/2018-tesla-model-3-7781922/,2018 Tesla Model 3,"$61,980",Black
135,https://www.carpages.ca/new-cars/manitoba/winnipeg/2021-ford-escape-7781208/,2021 Ford Escape,"$43,854",Agate Black Metallic
136,https://www.carpages.ca/used-cars/ontario/etobicoke/2010-lexus-rx-450h-7780992/,2010 Lexus RX 450h,"$13,888",Silver
137,https://www.carpages.ca/new-cars/ontario/hamilton/2021-toyota-highlander-7780623/,2021 Toyota Highlander,"$50,839.70",Silver
138,https://www.carpages.ca/used-cars/ontario/oakville/2019-toyota-camry-7779174/,2019 Toyota Camry,"$34,988",Gray
139,https://www.carpages.ca/new-cars/ontario/windsor/2022-hyundai-santa-fe-7778898/,2022 Hyundai Santa Fe,"$43,899",White Cream
140,https://www.carpages.ca/new-cars/ontario/mississauga/2022-hyundai-tucson-7778823/,2022 Hyundai Tucson,"$41,799",Amazon Grey
141,https://www.carpages.ca/new-cars/ontario/mississauga/2022-hyundai-tucson-7778814/,2022 Hyundai Tucson,"$41,799",Amazon Grey
142,https://www.carpages.ca/new-cars/ontario/bolton/2021-jeep-wrangler-7778802/,2021 Jeep Wrangler,"$71,510",White
143,https://www.carpages.ca/used-cars/saskatchewan/moose-jaw/2018-ford-fusion-7778742/,2018 Ford Fusion,"$24,987",White Platinum Metallic Tri-Coat
144,https://www.carpages.ca/new-cars/nova-scotia/halifax/2022-volvo-xc60-7778553/,2022 Volvo XC60,"$61,435",Onyx Black Metallic
145,https://www.carpages.ca/new-cars/nova-scotia/halifax/2022-volvo-xc60-7778550/,2022 Volvo XC60,"$61,435",Denim Blue Metallic
146,https://www.carpages.ca/new-cars/ontario/ottawa/2021-ford-f-150-7778436/,2021 Ford F-150,"$61,304",Agate Black Metallic
147,https://www.carpages.ca/new-cars/ontario/niagara-falls/2021-ford-transit-7778385/,2021 Ford Transit,"$52,503",White
148,https://www.carpages.ca/used-cars/ontario/mississauga/2010-ford-escape-7778331/,2010 Ford Escape,"$3,396",Sterling Grey Metallic
149,https://www.carpages.ca/used-cars/ontario/north-york/2010-lexus-rx-450h-7776762/,2010 Lexus RX 450h,"$16,999",Silver
150,https://www.carpages.ca/used-cars/ontario/north-york/2012-toyota-highlander-hybrid-7776690/,2012 Toyota Highlander Hybrid,"$19,995",Pearl White
151,https://www.carpages.ca/used-cars/ontario/tilbury/2014-tesla-model-s-7776210/,2014 Tesla Model S,"$47,999",Brown
152,https://www.carpages.ca/new-cars/ontario/cornwall/2021-ford-f-150-7775955/,2021 Ford F-150,"$77,185",Red
153,https://www.carpages.ca/new-cars/ontario/cornwall/2021-ford-f-150-7775952/,2021 Ford F-150,"$64,519",Black
154,https://www.carpages.ca/used-cars/ontario/stittsville/2012-toyota-camry-7775925/,2012 Toyota Camry,"$12,999",White
155,https://www.carpages.ca/used-cars/british-columbia/port-coquitlam/2016-tesla-model-s-7775844/,2016 Tesla Model S,"$57,995",Black
156,https://www.carpages.ca/used-cars/new-brunswick/dieppe/2021-mercedes-benz-gle-7775715/,2021 Mercedes-Benz GLE,"$99,999",Selenite Grey Met
157,https://www.carpages.ca/used-cars/ontario/oakville/2018-tesla-model-x-7775580/,2018 Tesla Model X,"$89,950",Grey
158,https://www.carpages.ca/new-cars/nova-scotia/halifax/2022-hyundai-tucson-7774680/,2022 Hyundai Tucson,"$40,824",Crystal White
159,https://www.carpages.ca/new-cars/new-brunswick/woodstock/2021-ford-escape-7774470/,2021 Ford Escape,"$41,544",Black
160,https://www.carpages.ca/used-cars/saskatchewan/regina/2019-ford-fusion-7773810/,2019 Ford Fusion,"$22,915",Silver
161,https://www.carpages.ca/new-cars/ontario/kanata/2022-hyundai-ioniq-hybrid-7773492/,2022 Hyundai Ioniq Hybrid,"$31,690",Fiery Red
162,https://www.carpages.ca/new-cars/ontario/north-bay/2022-hyundai-tucson-7772742/,2022 Hyundai Tucson,"$43,724",ASH BLACK
163,https://www.carpages.ca/used-cars/ontario/north-york/2011-toyota-camry-7772541/,2011 Toyota Camry,"$10,950",Grey
164,https://www.carpages.ca/new-cars/saskatchewan/regina/2022-lexus-ux-7772214/,2022 Lexus UX,"$47,295",Grey
165,https://www.carpages.ca/new-cars/saskatchewan/regina/2022-ram-1500-7770732/,2022 RAM 1500,"$78,769",Patriot Blue Pearl
166,https://www.carpages.ca/new-cars/saskatchewan/regina/2022-ram-1500-7770729/,2022 RAM 1500,"$78,819",Maximum Steel Metallic
167,https://www.carpages.ca/new-cars/saskatchewan/regina/2022-ram-1500-7770726/,2022 RAM 1500,"$78,924",Ivory Tri-Coat Pearl
168,https://www.carpages.ca/new-cars/saskatchewan/regina/2022-ram-1500-7770723/,2022 RAM 1500,"$78,869",Diamond Black Crystal Pearlcoat
169,https://www.carpages.ca/new-cars/saskatchewan/regina/2022-ram-1500-7770720/,2022 RAM 1500,"$78,819",Granite Crystal Metallic
170,https://www.carpages.ca/new-cars/saskatchewan/regina/2022-ram-1500-7770717/,2022 RAM 1500,"$78,374",Bright White
171,https://www.carpages.ca/new-cars/ontario/windsor/2022-hyundai-tucson-7770648/,2022 Hyundai Tucson,"$41,599",Crystal White
172,https://www.carpages.ca/new-cars/ontario/windsor/2022-hyundai-tucson-7770645/,2022 Hyundai Tucson,"$41,599",ASH BLACK
173,https://www.carpages.ca/new-cars/nova-scotia/port-hawkesbury/2021-toyota-venza-7770636/,2021 Toyota Venza,"$47,690",01K9 COASTAL GRAY METALLIC
174,https://www.carpages.ca/used-cars/ontario/thornhill/2016-hyundai-sonata-7770630/,2016 Hyundai Sonata,"$15,410",Black
175,https://www.carpages.ca/used-cars/ontario/kingston/2015-cadillac-srx-7770564/,2015 Cadillac SRX,"$19,999",Grey
176,https://www.carpages.ca/new-cars/ontario/kingston/2021-ford-f-150-7770558/,2021 Ford F-150,"$65,519",Carbonized Grey Metallic
177,https://www.carpages.ca/new-cars/ontario/peterborough/2022-ford-f-250-7770330/,2022 Ford F-250,"$54,179",Oxford White YZ
178,https://www.carpages.ca/new-cars/ontario/niagara-falls/2021-ford-transit-7770303/,2021 Ford Transit,"$54,698",White
179,https://www.carpages.ca/new-cars/ontario/niagara-falls/2022-ford-escape-7770297/,2022 Ford Escape,"$39,943",Oxford White
180,https://www.carpages.ca/new-cars/ontario/niagara-falls/2022-ford-escape-7770294/,2022 Ford Escape,"$45,443",Iconic Silver Metallic
181,https://www.carpages.ca/new-cars/ontario/niagara-falls/2022-ford-f-350-7770291/,2022 Ford F-350,"$56,593",Cial Dealer Account Adjustm
182,https://www.carpages.ca/new-cars/saskatchewan/regina/2021-ford-escape-7770183/,2021 Ford Escape,"$40,394",Agate Black Metallic
183,https://www.carpages.ca/new-cars/ontario/bracebridge/2021-jeep-wrangler-7769868/,2021 Jeep Wrangler,"$60,656",Green
184,https://www.carpages.ca/used-cars/ontario/clarington/2019-tesla-model-3-7769196/,2019 Tesla Model 3,"$54,995",Pearl White Multi-Coat
185,https://www.carpages.ca/used-cars/ontario/brampton/2019-chevrolet-bolt-7769100/,2019 Chevrolet Bolt,"$33,795",Silver Ice Metallic
186,https://www.carpages.ca/used-cars/ontario/brantford/2021-tesla-model-3-7767564/,2021 Tesla Model 3,"$62,988",Blue
187,https://www.carpages.ca/used-cars/ontario/brantford/2020-tesla-model-3-7767561/,2020 Tesla Model 3,"$59,988",White
188,https://www.carpages.ca/used-cars/ontario/brantford/2020-tesla-model-3-7767558/,2020 Tesla Model 3,"$59,988",Blue
189,https://www.carpages.ca/used-cars/ontario/brampton/2020-hyundai-sonata-7767531/,2020 Hyundai Sonata,"$39,900",Black
190,https://www.carpages.ca/new-cars/alberta/fort-saskatchewan/2021-ford-f-150-7767390/,2021 Ford F-150,"$90,195",White
191,https://www.carpages.ca/used-cars/alberta/edmonton/2007-honda-civic-7767291/,2007 Honda Civic,"$6,450",Silver
192,https://www.carpages.ca/used-cars/ontario/kitchener/2017-toyota-camry-7765488/,2017 Toyota Camry,"$24,453",Red
193,https://www.carpages.ca/new-cars/alberta/edmonton/2022-lexus-ux-7765467/,2022 Lexus UX,"$49,121",Caviar
194,https://www.carpages.ca/new-cars/alberta/edmonton/2022-lexus-ux-7765449/,2022 Lexus UX,"$43,821",Nebula Grey Pearl
195,https://www.carpages.ca/new-cars/alberta/edmonton/2022-lexus-ux-7765437/,2022 Lexus UX,"$50,900",Eminent White Pearl
196,https://www.carpages.ca/new-cars/alberta/edmonton/2022-lexus-ux-7765404/,2022 Lexus UX,"$46,271",Ultra White
197,https://www.carpages.ca/new-cars/ontario/tilbury/2021-ford-f-150-7790853/,2021 Ford F-150,"$77,485",White
198,https://www.carpages.ca/new-cars/british-columbia/langley/2022-toyota-camry-7789464/,2022 Toyota Camry,"$37,650",0218 BLK
199,https://www.carpages.ca/new-cars/british-columbia/langley/2022-toyota-camry-7789461/,2022 Toyota Camry,"$31,050",0040 WHI
200,https://www.carpages.ca/new-cars/manitoba/brandon/2021-ford-f-150-7789404/,2021 Ford F-150,"$60,024",Oxford White
201,https://www.carpages.ca/new-cars/manitoba/brandon/2021-ford-f-150-7789395/,2021 Ford F-150,"$68,180",Oxford White
202,https://www.carpages.ca/used-cars/ontario/mississauga/2017-ford-fusion-7789101/,2017 Ford Fusion,"$21,998",White Platinum Metallic Tri-Coat
203,https://www.carpages.ca/used-cars/ontario/mississauga/2018-ford-f-150-7789089/,2018 Ford F-150,"$36,998",
204,https://www.carpages.ca/new-cars/ontario/mississauga/2021-ford-escape-7789077/,2021 Ford Escape,"$44,369",STAR WHITE METALLIC TRI-COAT
205,https://www.carpages.ca/new-cars/ontario/oakville/2021-ford-escape-7788987/,2021 Ford Escape,"$41,496",Carbonized Grey Metallic
206,https://www.carpages.ca/new-cars/saskatchewan/regina/2021-ford-escape-7788984/,2021 Ford Escape,"$45,194",Velocity Blue Metallic
207,https://www.carpages.ca/new-cars/saskatchewan/prince-albert/2021-ford-f-150-7788567/,2021 Ford F-150,"$64,859",Carbonized Grey Metallic
208,https://www.carpages.ca/new-cars/saskatchewan/prince-albert/2021-ford-f-150-7788564/,2021 Ford F-150,"$91,175",Rapid Red Metallic Tinted Clearcoat
209,https://www.carpages.ca/new-cars/ontario/nepean/2022-hyundai-tucson-7788483/,2022 Hyundai Tucson,"$41,907",Deep SEA
210,https://www.carpages.ca/new-cars/ontario/kanata/2022-hyundai-ioniq-7788354/,2022 Hyundai IONIQ,"$35,540",Typhoon Silv
211,https://www.carpages.ca/used-cars/ontario/north-york/2019-tesla-model-3-7787454/,2019 Tesla Model 3,"$52,995",Solid Black
212,https://www.carpages.ca/used-cars/ontario/north-york/2019-tesla-model-3-7787436/,2019 Tesla Model 3,"$55,995",Solid Black
213,https://www.carpages.ca/used-cars/ontario/ottawa/2014-ford-focus-7787238/,2014 Ford Focus,"$11,495",Silver
214,https://www.carpages.ca/new-cars/nova-scotia/port-hawkesbury/2021-ford-escape-7785519/,2021 Ford Escape,"$44,494",Agate Black Metallic
215,https://www.carpages.ca/new-cars/manitoba/portage-la-prairie/2022-toyota-corolla-7784652/,2022 Toyota Corolla,"$27,318.75",01F7 GRY
216,https://www.carpages.ca/new-cars/alberta/edmonton/2022-lexus-rx-450h-7784511/,2022 Lexus RX 450h,"$63,621",Eminent White Pearl
217,https://www.carpages.ca/new-cars/saskatchewan/saskatoon/2021-jeep-wrangler-7784247/,2021 Jeep Wrangler,"$59,670",Sting-Grey
218,https://www.carpages.ca/new-cars/saskatchewan/saskatoon/2022-ram-1500-7784229/,2022 RAM 1500,"$80,210",Ivory Tri-Coat Pearl
219,https://www.carpages.ca/new-cars/manitoba/winnipeg/2021-jeep-wrangler-7784142/,2021 Jeep Wrangler,"$61,900",Black
220,https://www.carpages.ca/used-cars/manitoba/winnipeg/2020-ram-1500-7784091/,2020 RAM 1500,"$78,000",Ivory Tri-Coat Pearl
221,https://www.carpages.ca/new-cars/ontario/windsor/2022-hyundai-sonata-7783878/,2022 Hyundai Sonata,"$40,649",Hyper White
222,https://www.carpages.ca/new-cars/ontario/windsor/2022-hyundai-elantra-7783863/,2022 Hyundai Elantra,"$27,099",Cyber Grey
223,https://www.carpages.ca/new-cars/nova-scotia/halifax/2021-jeep-wrangler-7783497/,2021 Jeep Wrangler,"$64,610",Black
224,https://www.carpages.ca/new-cars/nova-scotia/halifax/2021-jeep-wrangler-7783494/,2021 Jeep Wrangler,"$60,670",FIRECRACKER RED
225,https://www.carpages.ca/new-cars/saskatchewan/regina/2021-ford-escape-7783338/,2021 Ford Escape,"$45,744",STAR WHITE METALLIC TRI-COAT
226,https://www.carpages.ca/new-cars/british-columbia/abbotsford/2021-jeep-wrangler-7783179/,2021 Jeep Wrangler,"$60,195",Sarge Green
227,https://www.carpages.ca/used-cars/british-columbia/surrey/2020-tesla-model-3-7783146/,2020 Tesla Model 3,"$56,885",Grey
228,https://www.carpages.ca/new-cars/alberta/high-river/2021-toyota-highlander-7783038/,2021 Toyota Highlander,"$50,410",Magnetic Grey Metallic
229,https://www.carpages.ca/new-cars/saskatchewan/prince-albert/2021-ford-escape-7783023/,2021 Ford Escape,"$43,444",DESERT GOLD METALLIC
230,https://www.carpages.ca/new-cars/ontario/brantford/2022-hyundai-tucson-7782753/,2022 Hyundai Tucson,"$44,187",CRYSTAL WHITE(TW3-NNB)-BLACK
231,https://www.carpages.ca/used-cars/ontario/north-york/2018-tesla-model-3-7782060/,2018 Tesla Model 3,"$54,995",White
232,https://www.carpages.ca/used-cars/manitoba/winnipeg/2018-tesla-model-3-7781922/,2018 Tesla Model 3,"$61,980",Black
233,https://www.carpages.ca/new-cars/manitoba/winnipeg/2021-ford-escape-7781208/,2021 Ford Escape,"$43,854",Agate Black Metallic
234,https://www.carpages.ca/used-cars/ontario/etobicoke/2010-lexus-rx-450h-7780992/,2010 Lexus RX 450h,"$13,888",Silver
235,https://www.carpages.ca/new-cars/ontario/hamilton/2021-toyota-highlander-7780623/,2021 Toyota Highlander,"$50,839.70",Silver
236,https://www.carpages.ca/used-cars/ontario/oakville/2019-toyota-camry-7779174/,2019 Toyota Camry,"$34,988",Gray
237,https://www.carpages.ca/new-cars/ontario/windsor/2022-hyundai-santa-fe-7778898/,2022 Hyundai Santa Fe,"$43,899",White Cream
238,https://www.carpages.ca/new-cars/ontario/mississauga/2022-hyundai-tucson-7778823/,2022 Hyundai Tucson,"$41,799",Amazon Grey
239,https://www.carpages.ca/new-cars/ontario/mississauga/2022-hyundai-tucson-7778814/,2022 Hyundai Tucson,"$41,799",Amazon Grey
240,https://www.carpages.ca/new-cars/ontario/bolton/2021-jeep-wrangler-7778802/,2021 Jeep Wrangler,"$71,510",White
241,https://www.carpages.ca/used-cars/saskatchewan/moose-jaw/2018-ford-fusion-7778742/,2018 Ford Fusion,"$24,987",White Platinum Metallic Tri-Coat
242,https://www.carpages.ca/new-cars/nova-scotia/halifax/2022-volvo-xc60-7778553/,2022 Volvo XC60,"$61,435",Onyx Black Metallic
243,https://www.carpages.ca/new-cars/nova-scotia/halifax/2022-volvo-xc60-7778550/,2022 Volvo XC60,"$61,435",Denim Blue Metallic
244,https://www.carpages.ca/new-cars/ontario/ottawa/2021-ford-f-150-7778436/,2021 Ford F-150,"$61,304",Agate Black Metallic
245,https://www.carpages.ca/new-cars/ontario/niagara-falls/2021-ford-transit-7778385/,2021 Ford Transit,"$52,503",White
246,https://www.carpages.ca/used-cars/ontario/mississauga/2010-ford-escape-7778331/,2010 Ford Escape,"$3,396",Sterling Grey Metallic
247,https://www.carpages.ca/used-cars/ontario/north-york/2010-lexus-rx-450h-7776762/,2010 Lexus RX 450h,"$16,999",Silver
248,https://www.carpages.ca/used-cars/ontario/north-york/2012-toyota-highlander-hybrid-7776690/,2012 Toyota Highlander Hybrid,"$19,995",Pearl White
249,https://www.carpages.ca/used-cars/ontario/tilbury/2014-tesla-model-s-7776210/,2014 Tesla Model S,"$47,999",Brown
250,https://www.carpages.ca/new-cars/ontario/cornwall/2021-ford-f-150-7775955/,2021 Ford F-150,"$77,185",Red
251,https://www.carpages.ca/new-cars/ontario/cornwall/2021-ford-f-150-7775952/,2021 Ford F-150,"$64,519",Black
252,https://www.carpages.ca/used-cars/ontario/stittsville/2012-toyota-camry-7775925/,2012 Toyota Camry,"$12,999",White
253,https://www.carpages.ca/used-cars/british-columbia/port-coquitlam/2016-tesla-model-s-7775844/,2016 Tesla Model S,"$57,995",Black
254,https://www.carpages.ca/used-cars/new-brunswick/dieppe/2021-mercedes-benz-gle-7775715/,2021 Mercedes-Benz GLE,"$99,999",Selenite Grey Met
255,https://www.carpages.ca/used-cars/ontario/oakville/2018-tesla-model-x-7775580/,2018 Tesla Model X,"$89,950",Grey
256,https://www.carpages.ca/new-cars/nova-scotia/halifax/2022-hyundai-tucson-7774680/,2022 Hyundai Tucson,"$40,824",Crystal White
257,https://www.carpages.ca/new-cars/new-brunswick/woodstock/2021-ford-escape-7774470/,2021 Ford Escape,"$41,544",Black
258,https://www.carpages.ca/used-cars/saskatchewan/regina/2019-ford-fusion-7773810/,2019 Ford Fusion,"$22,915",Silver
259,https://www.carpages.ca/new-cars/ontario/kanata/2022-hyundai-ioniq-hybrid-7773492/,2022 Hyundai Ioniq Hybrid,"$31,690",Fiery Red
260,https://www.carpages.ca/new-cars/ontario/north-bay/2022-hyundai-tucson-7772742/,2022 Hyundai Tucson,"$43,724",ASH BLACK
261,https://www.carpages.ca/used-cars/ontario/north-york/2011-toyota-camry-7772541/,2011 Toyota Camry,"$10,950",Grey
262,https://www.carpages.ca/new-cars/saskatchewan/regina/2022-lexus-ux-7772214/,2022 Lexus UX,"$47,295",Grey
263,https://www.carpages.ca/new-cars/saskatchewan/regina/2022-ram-1500-7770732/,2022 RAM 1500,"$78,769",Patriot Blue Pearl
264,https://www.carpages.ca/new-cars/saskatchewan/regina/2022-ram-1500-7770729/,2022 RAM 1500,"$78,819",Maximum Steel Metallic
265,https://www.carpages.ca/new-cars/saskatchewan/regina/2022-ram-1500-7770726/,2022 RAM 1500,"$78,924",Ivory Tri-Coat Pearl
266,https://www.carpages.ca/new-cars/saskatchewan/regina/2022-ram-1500-7770723/,2022 RAM 1500,"$78,869",Diamond Black Crystal Pearlcoat
267,https://www.carpages.ca/new-cars/saskatchewan/regina/2022-ram-1500-7770720/,2022 RAM 1500,"$78,819",Granite Crystal Metallic
268,https://www.carpages.ca/new-cars/saskatchewan/regina/2022-ram-1500-7770717/,2022 RAM 1500,"$78,374",Bright White
269,https://www.carpages.ca/new-cars/ontario/windsor/2022-hyundai-tucson-7770648/,2022 Hyundai Tucson,"$41,599",Crystal White
270,https://www.carpages.ca/new-cars/ontario/windsor/2022-hyundai-tucson-7770645/,2022 Hyundai Tucson,"$41,599",ASH BLACK
271,https://www.carpages.ca/new-cars/nova-scotia/port-hawkesbury/2021-toyota-venza-7770636/,2021 Toyota Venza,"$47,690",01K9 COASTAL GRAY METALLIC
272,https://www.carpages.ca/used-cars/ontario/thornhill/2016-hyundai-sonata-7770630/,2016 Hyundai Sonata,"$15,410",Black
273,https://www.carpages.ca/used-cars/ontario/kingston/2015-cadillac-srx-7770564/,2015 Cadillac SRX,"$19,999",Grey
274,https://www.carpages.ca/new-cars/ontario/kingston/2021-ford-f-150-7770558/,2021 Ford F-150,"$65,519",Carbonized Grey Metallic
275,https://www.carpages.ca/new-cars/ontario/peterborough/2022-ford-f-250-7770330/,2022 Ford F-250,"$54,179",Oxford White YZ
276,https://www.carpages.ca/new-cars/ontario/niagara-falls/2021-ford-transit-7770303/,2021 Ford Transit,"$54,698",White
277,https://www.carpages.ca/new-cars/ontario/niagara-falls/2022-ford-escape-7770297/,2022 Ford Escape,"$39,943",Oxford White
278,https://www.carpages.ca/new-cars/ontario/niagara-falls/2022-ford-escape-7770294/,2022 Ford Escape,"$45,443",Iconic Silver Metallic
279,https://www.carpages.ca/new-cars/ontario/niagara-falls/2022-ford-f-350-7770291/,2022 Ford F-350,"$56,593",Cial Dealer Account Adjustm
280,https://www.carpages.ca/new-cars/saskatchewan/regina/2021-ford-escape-7770183/,2021 Ford Escape,"$40,394",Agate Black Metallic
281,https://www.carpages.ca/new-cars/ontario/bracebridge/2021-jeep-wrangler-7769868/,2021 Jeep Wrangler,"$60,656",Green
282,https://www.carpages.ca/used-cars/ontario/clarington/2019-tesla-model-3-7769196/,2019 Tesla Model 3,"$54,995",Pearl White Multi-Coat
283,https://www.carpages.ca/used-cars/ontario/brampton/2019-chevrolet-bolt-7769100/,2019 Chevrolet Bolt,"$33,795",Silver Ice Metallic
284,https://www.carpages.ca/used-cars/ontario/brantford/2021-tesla-model-3-7767564/,2021 Tesla Model 3,"$62,988",Blue
285,https://www.carpages.ca/used-cars/ontario/brantford/2020-tesla-model-3-7767561/,2020 Tesla Model 3,"$59,988",White
286,https://www.carpages.ca/used-cars/ontario/brantford/2020-tesla-model-3-7767558/,2020 Tesla Model 3,"$59,988",Blue
287,https://www.carpages.ca/used-cars/ontario/brampton/2020-hyundai-sonata-7767531/,2020 Hyundai Sonata,"$39,900",Black
288,https://www.carpages.ca/new-cars/alberta/fort-saskatchewan/2021-ford-f-150-7767390/,2021 Ford F-150,"$90,195",White
289,https://www.carpages.ca/used-cars/alberta/edmonton/2007-honda-civic-7767291/,2007 Honda Civic,"$6,450",Silver
290,https://www.carpages.ca/used-cars/ontario/kitchener/2017-toyota-camry-7765488/,2017 Toyota Camry,"$24,453",Red
291,https://www.carpages.ca/new-cars/alberta/edmonton/2022-lexus-ux-7765467/,2022 Lexus UX,"$49,121",Caviar
292,https://www.carpages.ca/new-cars/alberta/edmonton/2022-lexus-ux-7765449/,2022 Lexus UX,"$43,821",Nebula Grey Pearl
293,https://www.carpages.ca/new-cars/alberta/edmonton/2022-lexus-ux-7765437/,2022 Lexus UX,"$50,900",Eminent White Pearl
294,https://www.carpages.ca/new-cars/alberta/edmonton/2022-lexus-ux-7765404/,2022 Lexus UX,"$46,271",Ultra White
295,https://www.carpages.ca/new-cars/ontario/tilbury/2021-ford-f-150-7790853/,2021 Ford F-150,"$77,485",White
296,https://www.carpages.ca/new-cars/british-columbia/langley/2022-toyota-camry-7789464/,2022 Toyota Camry,"$37,650",0218 BLK
297,https://www.carpages.ca/new-cars/british-columbia/langley/2022-toyota-camry-7789461/,2022 Toyota Camry,"$31,050",0040 WHI
298,https://www.carpages.ca/new-cars/manitoba/brandon/2021-ford-f-150-7789404/,2021 Ford F-150,"$60,024",Oxford White
299,https://www.carpages.ca/new-cars/manitoba/brandon/2021-ford-f-150-7789395/,2021 Ford F-150,"$68,180",Oxford White
300,https://www.carpages.ca/used-cars/ontario/mississauga/2017-ford-fusion-7789101/,2017 Ford Fusion,"$21,998",White Platinum Metallic Tri-Coat
301,https://www.carpages.ca/used-cars/ontario/mississauga/2018-ford-f-150-7789089/,2018 Ford F-150,"$36,998",
302,https://www.carpages.ca/new-cars/ontario/mississauga/2021-ford-escape-7789077/,2021 Ford Escape,"$44,369",STAR WHITE METALLIC TRI-COAT
303,https://www.carpages.ca/new-cars/ontario/oakville/2021-ford-escape-7788987/,2021 Ford Escape,"$41,496",Carbonized Grey Metallic
304,https://www.carpages.ca/new-cars/saskatchewan/regina/2021-ford-escape-7788984/,2021 Ford Escape,"$45,194",Velocity Blue Metallic
305,https://www.carpages.ca/new-cars/saskatchewan/prince-albert/2021-ford-f-150-7788567/,2021 Ford F-150,"$64,859",Carbonized Grey Metallic
306,https://www.carpages.ca/new-cars/saskatchewan/prince-albert/2021-ford-f-150-7788564/,2021 Ford F-150,"$91,175",Rapid Red Metallic Tinted Clearcoat
307,https://www.carpages.ca/new-cars/ontario/nepean/2022-hyundai-tucson-7788483/,2022 Hyundai Tucson,"$41,907",Deep SEA
308,https://www.carpages.ca/new-cars/ontario/kanata/2022-hyundai-ioniq-7788354/,2022 Hyundai IONIQ,"$35,540",Typhoon Silv
309,https://www.carpages.ca/used-cars/ontario/north-york/2019-tesla-model-3-7787454/,2019 Tesla Model 3,"$52,995",Solid Black
310,https://www.carpages.ca/used-cars/ontario/north-york/2019-tesla-model-3-7787436/,2019 Tesla Model 3,"$55,995",Solid Black
311,https://www.carpages.ca/used-cars/ontario/ottawa/2014-ford-focus-7787238/,2014 Ford Focus,"$11,495",Silver
312,https://www.carpages.ca/new-cars/nova-scotia/port-hawkesbury/2021-ford-escape-7785519/,2021 Ford Escape,"$44,494",Agate Black Metallic
313,https://www.carpages.ca/new-cars/manitoba/portage-la-prairie/2022-toyota-corolla-7784652/,2022 Toyota Corolla,"$27,318.75",01F7 GRY
314,https://www.carpages.ca/new-cars/alberta/edmonton/2022-lexus-rx-450h-7784511/,2022 Lexus RX 450h,"$63,621",Eminent White Pearl
315,https://www.carpages.ca/new-cars/saskatchewan/saskatoon/2021-jeep-wrangler-7784247/,2021 Jeep Wrangler,"$59,670",Sting-Grey
316,https://www.carpages.ca/new-cars/saskatchewan/saskatoon/2022-ram-1500-7784229/,2022 RAM 1500,"$80,210",Ivory Tri-Coat Pearl
317,https://www.carpages.ca/new-cars/manitoba/winnipeg/2021-jeep-wrangler-7784142/,2021 Jeep Wrangler,"$61,900",Black
318,https://www.carpages.ca/used-cars/manitoba/winnipeg/2020-ram-1500-7784091/,2020 RAM 1500,"$78,000",Ivory Tri-Coat Pearl
319,https://www.carpages.ca/new-cars/ontario/windsor/2022-hyundai-sonata-7783878/,2022 Hyundai Sonata,"$40,649",Hyper White
320,https://www.carpages.ca/new-cars/ontario/windsor/2022-hyundai-elantra-7783863/,2022 Hyundai Elantra,"$27,099",Cyber Grey
321,https://www.carpages.ca/new-cars/nova-scotia/halifax/2021-jeep-wrangler-7783497/,2021 Jeep Wrangler,"$64,610",Black
322,https://www.carpages.ca/new-cars/nova-scotia/halifax/2021-jeep-wrangler-7783494/,2021 Jeep Wrangler,"$60,670",FIRECRACKER RED
323,https://www.carpages.ca/new-cars/saskatchewan/regina/2021-ford-escape-7783338/,2021 Ford Escape,"$45,744",STAR WHITE METALLIC TRI-COAT
324,https://www.carpages.ca/new-cars/british-columbia/abbotsford/2021-jeep-wrangler-7783179/,2021 Jeep Wrangler,"$60,195",Sarge Green
325,https://www.carpages.ca/used-cars/british-columbia/surrey/2020-tesla-model-3-7783146/,2020 Tesla Model 3,"$56,885",Grey
326,https://www.carpages.ca/new-cars/alberta/high-river/2021-toyota-highlander-7783038/,2021 Toyota Highlander,"$50,410",Magnetic Grey Metallic
327,https://www.carpages.ca/new-cars/saskatchewan/prince-albert/2021-ford-escape-7783023/,2021 Ford Escape,"$43,444",DESERT GOLD METALLIC
328,https://www.carpages.ca/new-cars/ontario/brantford/2022-hyundai-tucson-7782753/,2022 Hyundai Tucson,"$44,187",CRYSTAL WHITE(TW3-NNB)-BLACK
329,https://www.carpages.ca/used-cars/ontario/north-york/2018-tesla-model-3-7782060/,2018 Tesla Model 3,"$54,995",White
330,https://www.carpages.ca/used-cars/manitoba/winnipeg/2018-tesla-model-3-7781922/,2018 Tesla Model 3,"$61,980",Black
331,https://www.carpages.ca/new-cars/manitoba/winnipeg/2021-ford-escape-7781208/,2021 Ford Escape,"$43,854",Agate Black Metallic
332,https://www.carpages.ca/used-cars/ontario/etobicoke/2010-lexus-rx-450h-7780992/,2010 Lexus RX 450h,"$13,888",Silver
333,https://www.carpages.ca/new-cars/ontario/hamilton/2021-toyota-highlander-7780623/,2021 Toyota Highlander,"$50,839.70",Silver
334,https://www.carpages.ca/used-cars/ontario/oakville/2019-toyota-camry-7779174/,2019 Toyota Camry,"$34,988",Gray
335,https://www.carpages.ca/new-cars/ontario/windsor/2022-hyundai-santa-fe-7778898/,2022 Hyundai Santa Fe,"$43,899",White Cream
336,https://www.carpages.ca/new-cars/ontario/mississauga/2022-hyundai-tucson-7778823/,2022 Hyundai Tucson,"$41,799",Amazon Grey
337,https://www.carpages.ca/new-cars/ontario/mississauga/2022-hyundai-tucson-7778814/,2022 Hyundai Tucson,"$41,799",Amazon Grey
338,https://www.carpages.ca/new-cars/ontario/bolton/2021-jeep-wrangler-7778802/,2021 Jeep Wrangler,"$71,510",White
339,https://www.carpages.ca/used-cars/saskatchewan/moose-jaw/2018-ford-fusion-7778742/,2018 Ford Fusion,"$24,987",White Platinum Metallic Tri-Coat
340,https://www.carpages.ca/new-cars/nova-scotia/halifax/2022-volvo-xc60-7778553/,2022 Volvo XC60,"$61,435",Onyx Black Metallic
341,https://www.carpages.ca/new-cars/nova-scotia/halifax/2022-volvo-xc60-7778550/,2022 Volvo XC60,"$61,435",Denim Blue Metallic
342,https://www.carpages.ca/new-cars/ontario/ottawa/2021-ford-f-150-7778436/,2021 Ford F-150,"$61,304",Agate Black Metallic
343,https://www.carpages.ca/new-cars/ontario/niagara-falls/2021-ford-transit-7778385/,2021 Ford Transit,"$52,503",White
344,https://www.carpages.ca/used-cars/ontario/mississauga/2010-ford-escape-7778331/,2010 Ford Escape,"$3,396",Sterling Grey Metallic
345,https://www.carpages.ca/used-cars/ontario/north-york/2010-lexus-rx-450h-7776762/,2010 Lexus RX 450h,"$16,999",Silver
346,https://www.carpages.ca/used-cars/ontario/north-york/2012-toyota-highlander-hybrid-7776690/,2012 Toyota Highlander Hybrid,"$19,995",Pearl White
347,https://www.carpages.ca/used-cars/ontario/tilbury/2014-tesla-model-s-7776210/,2014 Tesla Model S,"$47,999",Brown
348,https://www.carpages.ca/new-cars/ontario/cornwall/2021-ford-f-150-7775955/,2021 Ford F-150,"$77,185",Red
349,https://www.carpages.ca/new-cars/ontario/cornwall/2021-ford-f-150-7775952/,2021 Ford F-150,"$64,519",Black
350,https://www.carpages.ca/used-cars/ontario/stittsville/2012-toyota-camry-7775925/,2012 Toyota Camry,"$12,999",White
351,https://www.carpages.ca/used-cars/british-columbia/port-coquitlam/2016-tesla-model-s-7775844/,2016 Tesla Model S,"$57,995",Black
352,https://www.carpages.ca/used-cars/new-brunswick/dieppe/2021-mercedes-benz-gle-7775715/,2021 Mercedes-Benz GLE,"$99,999",Selenite Grey Met
353,https://www.carpages.ca/used-cars/ontario/oakville/2018-tesla-model-x-7775580/,2018 Tesla Model X,"$89,950",Grey
354,https://www.carpages.ca/new-cars/nova-scotia/halifax/2022-hyundai-tucson-7774680/,2022 Hyundai Tucson,"$40,824",Crystal White
355,https://www.carpages.ca/new-cars/new-brunswick/woodstock/2021-ford-escape-7774470/,2021 Ford Escape,"$41,544",Black
356,https://www.carpages.ca/used-cars/saskatchewan/regina/2019-ford-fusion-7773810/,2019 Ford Fusion,"$22,915",Silver
357,https://www.carpages.ca/new-cars/ontario/kanata/2022-hyundai-ioniq-hybrid-7773492/,2022 Hyundai Ioniq Hybrid,"$31,690",Fiery Red
358,https://www.carpages.ca/new-cars/ontario/north-bay/2022-hyundai-tucson-7772742/,2022 Hyundai Tucson,"$43,724",ASH BLACK
359,https://www.carpages.ca/used-cars/ontario/north-york/2011-toyota-camry-7772541/,2011 Toyota Camry,"$10,950",Grey
360,https://www.carpages.ca/new-cars/saskatchewan/regina/2022-lexus-ux-7772214/,2022 Lexus UX,"$47,295",Grey
361,https://www.carpages.ca/new-cars/saskatchewan/regina/2022-ram-1500-7770732/,2022 RAM 1500,"$78,769",Patriot Blue Pearl
362,https://www.carpages.ca/new-cars/saskatchewan/regina/2022-ram-1500-7770729/,2022 RAM 1500,"$78,819",Maximum Steel Metallic
363,https://www.carpages.ca/new-cars/saskatchewan/regina/2022-ram-1500-7770726/,2022 RAM 1500,"$78,924",Ivory Tri-Coat Pearl
364,https://www.carpages.ca/new-cars/saskatchewan/regina/2022-ram-1500-7770723/,2022 RAM 1500,"$78,869",Diamond Black Crystal Pearlcoat
365,https://www.carpages.ca/new-cars/saskatchewan/regina/2022-ram-1500-7770720/,2022 RAM 1500,"$78,819",Granite Crystal Metallic
366,https://www.carpages.ca/new-cars/saskatchewan/regina/2022-ram-1500-7770717/,2022 RAM 1500,"$78,374",Bright White
367,https://www.carpages.ca/new-cars/ontario/windsor/2022-hyundai-tucson-7770648/,2022 Hyundai Tucson,"$41,599",Crystal White
368,https://www.carpages.ca/new-cars/ontario/windsor/2022-hyundai-tucson-7770645/,2022 Hyundai Tucson,"$41,599",ASH BLACK
369,https://www.carpages.ca/new-cars/nova-scotia/port-hawkesbury/2021-toyota-venza-7770636/,2021 Toyota Venza,"$47,690",01K9 COASTAL GRAY METALLIC
370,https://www.carpages.ca/used-cars/ontario/thornhill/2016-hyundai-sonata-7770630/,2016 Hyundai Sonata,"$15,410",Black
371,https://www.carpages.ca/used-cars/ontario/kingston/2015-cadillac-srx-7770564/,2015 Cadillac SRX,"$19,999",Grey
372,https://www.carpages.ca/new-cars/ontario/kingston/2021-ford-f-150-7770558/,2021 Ford F-150,"$65,519",Carbonized Grey Metallic
373,https://www.carpages.ca/new-cars/ontario/peterborough/2022-ford-f-250-7770330/,2022 Ford F-250,"$54,179",Oxford White YZ
374,https://www.carpages.ca/new-cars/ontario/niagara-falls/2021-ford-transit-7770303/,2021 Ford Transit,"$54,698",White
375,https://www.carpages.ca/new-cars/ontario/niagara-falls/2022-ford-escape-7770297/,2022 Ford Escape,"$39,943",Oxford White
376,https://www.carpages.ca/new-cars/ontario/niagara-falls/2022-ford-escape-7770294/,2022 Ford Escape,"$45,443",Iconic Silver Metallic
377,https://www.carpages.ca/new-cars/ontario/niagara-falls/2022-ford-f-350-7770291/,2022 Ford F-350,"$56,593",Cial Dealer Account Adjustm
378,https://www.carpages.ca/new-cars/saskatchewan/regina/2021-ford-escape-7770183/,2021 Ford Escape,"$40,394",Agate Black Metallic
379,https://www.carpages.ca/new-cars/ontario/bracebridge/2021-jeep-wrangler-7769868/,2021 Jeep Wrangler,"$60,656",Green
380,https://www.carpages.ca/used-cars/ontario/clarington/2019-tesla-model-3-7769196/,2019 Tesla Model 3,"$54,995",Pearl White Multi-Coat
381,https://www.carpages.ca/used-cars/ontario/brampton/2019-chevrolet-bolt-7769100/,2019 Chevrolet Bolt,"$33,795",Silver Ice Metallic
382,https://www.carpages.ca/used-cars/ontario/brantford/2021-tesla-model-3-7767564/,2021 Tesla Model 3,"$62,988",Blue
383,https://www.carpages.ca/used-cars/ontario/brantford/2020-tesla-model-3-7767561/,2020 Tesla Model 3,"$59,988",White
384,https://www.carpages.ca/used-cars/ontario/brantford/2020-tesla-model-3-7767558/,2020 Tesla Model 3,"$59,988",Blue
385,https://www.carpages.ca/used-cars/ontario/brampton/2020-hyundai-sonata-7767531/,2020 Hyundai Sonata,"$39,900",Black
386,https://www.carpages.ca/new-cars/alberta/fort-saskatchewan/2021-ford-f-150-7767390/,2021 Ford F-150,"$90,195",White
387,https://www.carpages.ca/used-cars/alberta/edmonton/2007-honda-civic-7767291/,2007 Honda Civic,"$6,450",Silver
388,https://www.carpages.ca/used-cars/ontario/kitchener/2017-toyota-camry-7765488/,2017 Toyota Camry,"$24,453",Red
389,https://www.carpages.ca/new-cars/alberta/edmonton/2022-lexus-ux-7765467/,2022 Lexus UX,"$49,121",Caviar
390,https://www.carpages.ca/new-cars/alberta/edmonton/2022-lexus-ux-7765449/,2022 Lexus UX,"$43,821",Nebula Grey Pearl
391,https://www.carpages.ca/new-cars/alberta/edmonton/2022-lexus-ux-7765437/,2022 Lexus UX,"$50,900",Eminent White Pearl
392,https://www.carpages.ca/new-cars/alberta/edmonton/2022-lexus-ux-7765404/,2022 Lexus UX,"$46,271",Ultra White
393,https://www.carpages.ca/new-cars/ontario/tilbury/2021-ford-f-150-7790853/,2021 Ford F-150,"$77,485",White
394,https://www.carpages.ca/new-cars/british-columbia/langley/2022-toyota-camry-7789464/,2022 Toyota Camry,"$37,650",0218 BLK
395,https://www.carpages.ca/new-cars/british-columbia/langley/2022-toyota-camry-7789461/,2022 Toyota Camry,"$31,050",0040 WHI
396,https://www.carpages.ca/new-cars/manitoba/brandon/2021-ford-f-150-7789404/,2021 Ford F-150,"$60,024",Oxford White
397,https://www.carpages.ca/new-cars/manitoba/brandon/2021-ford-f-150-7789395/,2021 Ford F-150,"$68,180",Oxford White
398,https://www.carpages.ca/used-cars/ontario/mississauga/2017-ford-fusion-7789101/,2017 Ford Fusion,"$21,998",White Platinum Metallic Tri-Coat
399,https://www.carpages.ca/used-cars/ontario/mississauga/2018-ford-f-150-7789089/,2018 Ford F-150,"$36,998",
400,https://www.carpages.ca/new-cars/ontario/mississauga/2021-ford-escape-7789077/,2021 Ford Escape,"$44,369",STAR WHITE METALLIC TRI-COAT
401,https://www.carpages.ca/new-cars/ontario/oakville/2021-ford-escape-7788987/,2021 Ford Escape,"$41,496",Carbonized Grey Metallic
402,https://www.carpages.ca/new-cars/saskatchewan/regina/2021-ford-escape-7788984/,2021 Ford Escape,"$45,194",Velocity Blue Metallic
403,https://www.carpages.ca/new-cars/saskatchewan/prince-albert/2021-ford-f-150-7788567/,2021 Ford F-150,"$64,859",Carbonized Grey Metallic
404,https://www.carpages.ca/new-cars/saskatchewan/prince-albert/2021-ford-f-150-7788564/,2021 Ford F-150,"$91,175",Rapid Red Metallic Tinted Clearcoat
405,https://www.carpages.ca/new-cars/ontario/nepean/2022-hyundai-tucson-7788483/,2022 Hyundai Tucson,"$41,907",Deep SEA
406,https://www.carpages.ca/new-cars/ontario/kanata/2022-hyundai-ioniq-7788354/,2022 Hyundai IONIQ,"$35,540",Typhoon Silv
407,https://www.carpages.ca/used-cars/ontario/north-york/2019-tesla-model-3-7787454/,2019 Tesla Model 3,"$52,995",Solid Black
408,https://www.carpages.ca/used-cars/ontario/north-york/2019-tesla-model-3-7787436/,2019 Tesla Model 3,"$55,995",Solid Black
409,https://www.carpages.ca/used-cars/ontario/ottawa/2014-ford-focus-7787238/,2014 Ford Focus,"$11,495",Silver
410,https://www.carpages.ca/new-cars/nova-scotia/port-hawkesbury/2021-ford-escape-7785519/,2021 Ford Escape,"$44,494",Agate Black Metallic
411,https://www.carpages.ca/new-cars/manitoba/portage-la-prairie/2022-toyota-corolla-7784652/,2022 Toyota Corolla,"$27,318.75",01F7 GRY
412,https://www.carpages.ca/new-cars/alberta/edmonton/2022-lexus-rx-450h-7784511/,2022 Lexus RX 450h,"$63,621",Eminent White Pearl
413,https://www.carpages.ca/new-cars/saskatchewan/saskatoon/2021-jeep-wrangler-7784247/,2021 Jeep Wrangler,"$59,670",Sting-Grey
414,https://www.carpages.ca/new-cars/saskatchewan/saskatoon/2022-ram-1500-7784229/,2022 RAM 1500,"$80,210",Ivory Tri-Coat Pearl
415,https://www.carpages.ca/new-cars/manitoba/winnipeg/2021-jeep-wrangler-7784142/,2021 Jeep Wrangler,"$61,900",Black
416,https://www.carpages.ca/used-cars/manitoba/winnipeg/2020-ram-1500-7784091/,2020 RAM 1500,"$78,000",Ivory Tri-Coat Pearl
417,https://www.carpages.ca/new-cars/ontario/windsor/2022-hyundai-sonata-7783878/,2022 Hyundai Sonata,"$40,649",Hyper White
418,https://www.carpages.ca/new-cars/ontario/windsor/2022-hyundai-elantra-7783863/,2022 Hyundai Elantra,"$27,099",Cyber Grey
419,https://www.carpages.ca/new-cars/nova-scotia/halifax/2021-jeep-wrangler-7783497/,2021 Jeep Wrangler,"$64,610",Black
420,https://www.carpages.ca/new-cars/nova-scotia/halifax/2021-jeep-wrangler-7783494/,2021 Jeep Wrangler,"$60,670",FIRECRACKER RED
421,https://www.carpages.ca/new-cars/saskatchewan/regina/2021-ford-escape-7783338/,2021 Ford Escape,"$45,744",STAR WHITE METALLIC TRI-COAT
422,https://www.carpages.ca/new-cars/british-columbia/abbotsford/2021-jeep-wrangler-7783179/,2021 Jeep Wrangler,"$60,195",Sarge Green
423,https://www.carpages.ca/used-cars/british-columbia/surrey/2020-tesla-model-3-7783146/,2020 Tesla Model 3,"$56,885",Grey
424,https://www.carpages.ca/new-cars/alberta/high-river/2021-toyota-highlander-7783038/,2021 Toyota Highlander,"$50,410",Magnetic Grey Metallic
425,https://www.carpages.ca/new-cars/saskatchewan/prince-albert/2021-ford-escape-7783023/,2021 Ford Escape,"$43,444",DESERT GOLD METALLIC
426,https://www.carpages.ca/new-cars/ontario/brantford/2022-hyundai-tucson-7782753/,2022 Hyundai Tucson,"$44,187",CRYSTAL WHITE(TW3-NNB)-BLACK
427,https://www.carpages.ca/used-cars/ontario/north-york/2018-tesla-model-3-7782060/,2018 Tesla Model 3,"$54,995",White
428,https://www.carpages.ca/used-cars/manitoba/winnipeg/2018-tesla-model-3-7781922/,2018 Tesla Model 3,"$61,980",Black
429,https://www.carpages.ca/new-cars/manitoba/winnipeg/2021-ford-escape-7781208/,2021 Ford Escape,"$43,854",Agate Black Metallic
430,https://www.carpages.ca/used-cars/ontario/etobicoke/2010-lexus-rx-450h-7780992/,2010 Lexus RX 450h,"$13,888",Silver
431,https://www.carpages.ca/new-cars/ontario/hamilton/2021-toyota-highlander-7780623/,2021 Toyota Highlander,"$50,839.70",Silver
432,https://www.carpages.ca/used-cars/ontario/oakville/2019-toyota-camry-7779174/,2019 Toyota Camry,"$34,988",Gray
433,https://www.carpages.ca/new-cars/ontario/windsor/2022-hyundai-santa-fe-7778898/,2022 Hyundai Santa Fe,"$43,899",White Cream
434,https://www.carpages.ca/new-cars/ontario/mississauga/2022-hyundai-tucson-7778823/,2022 Hyundai Tucson,"$41,799",Amazon Grey
435,https://www.carpages.ca/new-cars/ontario/mississauga/2022-hyundai-tucson-7778814/,2022 Hyundai Tucson,"$41,799",Amazon Grey
436,https://www.carpages.ca/new-cars/ontario/bolton/2021-jeep-wrangler-7778802/,2021 Jeep Wrangler,"$71,510",White
437,https://www.carpages.ca/used-cars/saskatchewan/moose-jaw/2018-ford-fusion-7778742/,2018 Ford Fusion,"$24,987",White Platinum Metallic Tri-Coat
438,https://www.carpages.ca/new-cars/nova-scotia/halifax/2022-volvo-xc60-7778553/,2022 Volvo XC60,"$61,435",Onyx Black Metallic
439,https://www.carpages.ca/new-cars/nova-scotia/halifax/2022-volvo-xc60-7778550/,2022 Volvo XC60,"$61,435",Denim Blue Metallic
440,https://www.carpages.ca/new-cars/ontario/ottawa/2021-ford-f-150-7778436/,2021 Ford F-150,"$61,304",Agate Black Metallic
441,https://www.carpages.ca/new-cars/ontario/niagara-falls/2021-ford-transit-7778385/,2021 Ford Transit,"$52,503",White
442,https://www.carpages.ca/used-cars/ontario/mississauga/2010-ford-escape-7778331/,2010 Ford Escape,"$3,396",Sterling Grey Metallic
443,https://www.carpages.ca/used-cars/ontario/north-york/2010-lexus-rx-450h-7776762/,2010 Lexus RX 450h,"$16,999",Silver
444,https://www.carpages.ca/used-cars/ontario/north-york/2012-toyota-highlander-hybrid-7776690/,2012 Toyota Highlander Hybrid,"$19,995",Pearl White
445,https://www.carpages.ca/used-cars/ontario/tilbury/2014-tesla-model-s-7776210/,2014 Tesla Model S,"$47,999",Brown
446,https://www.carpages.ca/new-cars/ontario/cornwall/2021-ford-f-150-7775955/,2021 Ford F-150,"$77,185",Red
447,https://www.carpages.ca/new-cars/ontario/cornwall/2021-ford-f-150-7775952/,2021 Ford F-150,"$64,519",Black
448,https://www.carpages.ca/used-cars/ontario/stittsville/2012-toyota-camry-7775925/,2012 Toyota Camry,"$12,999",White
449,https://www.carpages.ca/used-cars/british-columbia/port-coquitlam/2016-tesla-model-s-7775844/,2016 Tesla Model S,"$57,995",Black
450,https://www.carpages.ca/used-cars/new-brunswick/dieppe/2021-mercedes-benz-gle-7775715/,2021 Mercedes-Benz GLE,"$99,999",Selenite Grey Met
451,https://www.carpages.ca/used-cars/ontario/oakville/2018-tesla-model-x-7775580/,2018 Tesla Model X,"$89,950",Grey
452,https://www.carpages.ca/new-cars/nova-scotia/halifax/2022-hyundai-tucson-7774680/,2022 Hyundai Tucson,"$40,824",Crystal White
453,https://www.carpages.ca/new-cars/new-brunswick/woodstock/2021-ford-escape-7774470/,2021 Ford Escape,"$41,544",Black
454,https://www.carpages.ca/used-cars/saskatchewan/regina/2019-ford-fusion-7773810/,2019 Ford Fusion,"$22,915",Silver
455,https://www.carpages.ca/new-cars/ontario/kanata/2022-hyundai-ioniq-hybrid-7773492/,2022 Hyundai Ioniq Hybrid,"$31,690",Fiery Red
456,https://www.carpages.ca/new-cars/ontario/north-bay/2022-hyundai-tucson-7772742/,2022 Hyundai Tucson,"$43,724",ASH BLACK
457,https://www.carpages.ca/used-cars/ontario/north-york/2011-toyota-camry-7772541/,2011 Toyota Camry,"$10,950",Grey
458,https://www.carpages.ca/new-cars/saskatchewan/regina/2022-lexus-ux-7772214/,2022 Lexus UX,"$47,295",Grey
459,https://www.carpages.ca/new-cars/saskatchewan/regina/2022-ram-1500-7770732/,2022 RAM 1500,"$78,769",Patriot Blue Pearl
460,https://www.carpages.ca/new-cars/saskatchewan/regina/2022-ram-1500-7770729/,2022 RAM 1500,"$78,819",Maximum Steel Metallic
461,https://www.carpages.ca/new-cars/saskatchewan/regina/2022-ram-1500-7770726/,2022 RAM 1500,"$78,924",Ivory Tri-Coat Pearl
462,https://www.carpages.ca/new-cars/saskatchewan/regina/2022-ram-1500-7770723/,2022 RAM 1500,"$78,869",Diamond Black Crystal Pearlcoat
463,https://www.carpages.ca/new-cars/saskatchewan/regina/2022-ram-1500-7770720/,2022 RAM 1500,"$78,819",Granite Crystal Metallic
464,https://www.carpages.ca/new-cars/saskatchewan/regina/2022-ram-1500-7770717/,2022 RAM 1500,"$78,374",Bright White
465,https://www.carpages.ca/new-cars/ontario/windsor/2022-hyundai-tucson-7770648/,2022 Hyundai Tucson,"$41,599",Crystal White
466,https://www.carpages.ca/new-cars/ontario/windsor/2022-hyundai-tucson-7770645/,2022 Hyundai Tucson,"$41,599",ASH BLACK
467,https://www.carpages.ca/new-cars/nova-scotia/port-hawkesbury/2021-toyota-venza-7770636/,2021 Toyota Venza,"$47,690",01K9 COASTAL GRAY METALLIC
468,https://www.carpages.ca/used-cars/ontario/thornhill/2016-hyundai-sonata-7770630/,2016 Hyundai Sonata,"$15,410",Black
469,https://www.carpages.ca/used-cars/ontario/kingston/2015-cadillac-srx-7770564/,2015 Cadillac SRX,"$19,999",Grey
470,https://www.carpages.ca/new-cars/ontario/kingston/2021-ford-f-150-7770558/,2021 Ford F-150,"$65,519",Carbonized Grey Metallic
471,https://www.carpages.ca/new-cars/ontario/peterborough/2022-ford-f-250-7770330/,2022 Ford F-250,"$54,179",Oxford White YZ
472,https://www.carpages.ca/new-cars/ontario/niagara-falls/2021-ford-transit-7770303/,2021 Ford Transit,"$54,698",White
473,https://www.carpages.ca/new-cars/ontario/niagara-falls/2022-ford-escape-7770297/,2022 Ford Escape,"$39,943",Oxford White
474,https://www.carpages.ca/new-cars/ontario/niagara-falls/2022-ford-escape-7770294/,2022 Ford Escape,"$45,443",Iconic Silver Metallic
475,https://www.carpages.ca/new-cars/ontario/niagara-falls/2022-ford-f-350-7770291/,2022 Ford F-350,"$56,593",Cial Dealer Account Adjustm
476,https://www.carpages.ca/new-cars/saskatchewan/regina/2021-ford-escape-7770183/,2021 Ford Escape,"$40,394",Agate Black Metallic
477,https://www.carpages.ca/new-cars/ontario/bracebridge/2021-jeep-wrangler-7769868/,2021 Jeep Wrangler,"$60,656",Green
478,https://www.carpages.ca/used-cars/ontario/clarington/2019-tesla-model-3-7769196/,2019 Tesla Model 3,"$54,995",Pearl White Multi-Coat
479,https://www.carpages.ca/used-cars/ontario/brampton/2019-chevrolet-bolt-7769100/,2019 Chevrolet Bolt,"$33,795",Silver Ice Metallic
480,https://www.carpages.ca/used-cars/ontario/brantford/2021-tesla-model-3-7767564/,2021 Tesla Model 3,"$62,988",Blue
481,https://www.carpages.ca/used-cars/ontario/brantford/2020-tesla-model-3-7767561/,2020 Tesla Model 3,"$59,988",White
482,https://www.carpages.ca/used-cars/ontario/brantford/2020-tesla-model-3-7767558/,2020 Tesla Model 3,"$59,988",Blue
483,https://www.carpages.ca/used-cars/ontario/brampton/2020-hyundai-sonata-7767531/,2020 Hyundai Sonata,"$39,900",Black
484,https://www.carpages.ca/new-cars/alberta/fort-saskatchewan/2021-ford-f-150-7767390/,2021 Ford F-150,"$90,195",White
485,https://www.carpages.ca/used-cars/alberta/edmonton/2007-honda-civic-7767291/,2007 Honda Civic,"$6,450",Silver
486,https://www.carpages.ca/used-cars/ontario/kitchener/2017-toyota-camry-7765488/,2017 Toyota Camry,"$24,453",Red
487,https://www.carpages.ca/new-cars/alberta/edmonton/2022-lexus-ux-7765467/,2022 Lexus UX,"$49,121",Caviar
488,https://www.carpages.ca/new-cars/alberta/edmonton/2022-lexus-ux-7765449/,2022 Lexus UX,"$43,821",Nebula Grey Pearl
489,https://www.carpages.ca/new-cars/alberta/edmonton/2022-lexus-ux-7765437/,2022 Lexus UX,"$50,900",Eminent White Pearl
490,https://www.carpages.ca/new-cars/alberta/edmonton/2022-lexus-ux-7765404/,2022 Lexus UX,"$46,271",Ultra White
491,https://www.carpages.ca/new-cars/ontario/tilbury/2021-ford-f-150-7790853/,2021 Ford F-150,"$77,485",White
492,https://www.carpages.ca/new-cars/british-columbia/langley/2022-toyota-camry-7789464/,2022 Toyota Camry,"$37,650",0218 BLK
493,https://www.carpages.ca/new-cars/british-columbia/langley/2022-toyota-camry-7789461/,2022 Toyota Camry,"$31,050",0040 WHI
494,https://www.carpages.ca/new-cars/manitoba/brandon/2021-ford-f-150-7789404/,2021 Ford F-150,"$60,024",Oxford White
495,https://www.carpages.ca/new-cars/manitoba/brandon/2021-ford-f-150-7789395/,2021 Ford F-150,"$68,180",Oxford White
496,https://www.carpages.ca/used-cars/ontario/mississauga/2017-ford-fusion-7789101/,2017 Ford Fusion,"$21,998",White Platinum Metallic Tri-Coat
497,https://www.carpages.ca/used-cars/ontario/mississauga/2018-ford-f-150-7789089/,2018 Ford F-150,"$36,998",
498,https://www.carpages.ca/new-cars/ontario/mississauga/2021-ford-escape-7789077/,2021 Ford Escape,"$44,369",STAR WHITE METALLIC TRI-COAT
499,https://www.carpages.ca/new-cars/ontario/oakville/2021-ford-escape-7788987/,2021 Ford Escape,"$41,496",Carbonized Grey Metallic
500,https://www.carpages.ca/new-cars/saskatchewan/regina/2021-ford-escape-7788984/,2021 Ford Escape,"$45,194",Velocity Blue Metallic
501,https://www.carpages.ca/new-cars/saskatchewan/prince-albert/2021-ford-f-150-7788567/,2021 Ford F-150,"$64,859",Carbonized Grey Metallic
502,https://www.carpages.ca/new-cars/saskatchewan/prince-albert/2021-ford-f-150-7788564/,2021 Ford F-150,"$91,175",Rapid Red Metallic Tinted Clearcoat
503,https://www.carpages.ca/new-cars/ontario/nepean/2022-hyundai-tucson-7788483/,2022 Hyundai Tucson,"$41,907",Deep SEA
504,https://www.carpages.ca/new-cars/ontario/kanata/2022-hyundai-ioniq-7788354/,2022 Hyundai IONIQ,"$35,540",Typhoon Silv
505,https://www.carpages.ca/used-cars/ontario/north-york/2019-tesla-model-3-7787454/,2019 Tesla Model 3,"$52,995",Solid Black
506,https://www.carpages.ca/used-cars/ontario/north-york/2019-tesla-model-3-7787436/,2019 Tesla Model 3,"$55,995",Solid Black
507,https://www.carpages.ca/used-cars/ontario/ottawa/2014-ford-focus-7787238/,2014 Ford Focus,"$11,495",Silver
508,https://www.carpages.ca/new-cars/nova-scotia/port-hawkesbury/2021-ford-escape-7785519/,2021 Ford Escape,"$44,494",Agate Black Metallic
509,https://www.carpages.ca/new-cars/manitoba/portage-la-prairie/2022-toyota-corolla-7784652/,2022 Toyota Corolla,"$27,318.75",01F7 GRY
510,https://www.carpages.ca/new-cars/alberta/edmonton/2022-lexus-rx-450h-7784511/,2022 Lexus RX 450h,"$63,621",Eminent White Pearl
511,https://www.carpages.ca/new-cars/saskatchewan/saskatoon/2021-jeep-wrangler-7784247/,2021 Jeep Wrangler,"$59,670",Sting-Grey
512,https://www.carpages.ca/new-cars/saskatchewan/saskatoon/2022-ram-1500-7784229/,2022 RAM 1500,"$80,210",Ivory Tri-Coat Pearl
513,https://www.carpages.ca/new-cars/manitoba/winnipeg/2021-jeep-wrangler-7784142/,2021 Jeep Wrangler,"$61,900",Black
514,https://www.carpages.ca/used-cars/manitoba/winnipeg/2020-ram-1500-7784091/,2020 RAM 1500,"$78,000",Ivory Tri-Coat Pearl
515,https://www.carpages.ca/new-cars/ontario/windsor/2022-hyundai-sonata-7783878/,2022 Hyundai Sonata,"$40,649",Hyper White
516,https://www.carpages.ca/new-cars/ontario/windsor/2022-hyundai-elantra-7783863/,2022 Hyundai Elantra,"$27,099",Cyber Grey
517,https://www.carpages.ca/new-cars/nova-scotia/halifax/2021-jeep-wrangler-7783497/,2021 Jeep Wrangler,"$64,610",Black
518,https://www.carpages.ca/new-cars/nova-scotia/halifax/2021-jeep-wrangler-7783494/,2021 Jeep Wrangler,"$60,670",FIRECRACKER RED
519,https://www.carpages.ca/new-cars/saskatchewan/regina/2021-ford-escape-7783338/,2021 Ford Escape,"$45,744",STAR WHITE METALLIC TRI-COAT
520,https://www.carpages.ca/new-cars/british-columbia/abbotsford/2021-jeep-wrangler-7783179/,2021 Jeep Wrangler,"$60,195",Sarge Green
521,https://www.carpages.ca/used-cars/british-columbia/surrey/2020-tesla-model-3-7783146/,2020 Tesla Model 3,"$56,885",Grey
522,https://www.carpages.ca/new-cars/alberta/high-river/2021-toyota-highlander-7783038/,2021 Toyota Highlander,"$50,410",Magnetic Grey Metallic
523,https://www.carpages.ca/new-cars/saskatchewan/prince-albert/2021-ford-escape-7783023/,2021 Ford Escape,"$43,444",DESERT GOLD METALLIC
524,https://www.carpages.ca/new-cars/ontario/brantford/2022-hyundai-tucson-7782753/,2022 Hyundai Tucson,"$44,187",CRYSTAL WHITE(TW3-NNB)-BLACK
525,https://www.carpages.ca/used-cars/ontario/north-york/2018-tesla-model-3-7782060/,2018 Tesla Model 3,"$54,995",White
526,https://www.carpages.ca/used-cars/manitoba/winnipeg/2018-tesla-model-3-7781922/,2018 Tesla Model 3,"$61,980",Black
527,https://www.carpages.ca/new-cars/manitoba/winnipeg/2021-ford-escape-7781208/,2021 Ford Escape,"$43,854",Agate Black Metallic
528,https://www.carpages.ca/used-cars/ontario/etobicoke/2010-lexus-rx-450h-7780992/,2010 Lexus RX 450h,"$13,888",Silver
529,https://www.carpages.ca/new-cars/ontario/hamilton/2021-toyota-highlander-7780623/,2021 Toyota Highlander,"$50,839.70",Silver
530,https://www.carpages.ca/used-cars/ontario/oakville/2019-toyota-camry-7779174/,2019 Toyota Camry,"$34,988",Gray
531,https://www.carpages.ca/new-cars/ontario/windsor/2022-hyundai-santa-fe-7778898/,2022 Hyundai Santa Fe,"$43,899",White Cream
532,https://www.carpages.ca/new-cars/ontario/mississauga/2022-hyundai-tucson-7778823/,2022 Hyundai Tucson,"$41,799",Amazon Grey
533,https://www.carpages.ca/new-cars/ontario/mississauga/2022-hyundai-tucson-7778814/,2022 Hyundai Tucson,"$41,799",Amazon Grey
534,https://www.carpages.ca/new-cars/ontario/bolton/2021-jeep-wrangler-7778802/,2021 Jeep Wrangler,"$71,510",White
535,https://www.carpages.ca/used-cars/saskatchewan/moose-jaw/2018-ford-fusion-7778742/,2018 Ford Fusion,"$24,987",White Platinum Metallic Tri-Coat
536,https://www.carpages.ca/new-cars/nova-scotia/halifax/2022-volvo-xc60-7778553/,2022 Volvo XC60,"$61,435",Onyx Black Metallic
537,https://www.carpages.ca/new-cars/nova-scotia/halifax/2022-volvo-xc60-7778550/,2022 Volvo XC60,"$61,435",Denim Blue Metallic
538,https://www.carpages.ca/new-cars/ontario/ottawa/2021-ford-f-150-7778436/,2021 Ford F-150,"$61,304",Agate Black Metallic
539,https://www.carpages.ca/new-cars/ontario/niagara-falls/2021-ford-transit-7778385/,2021 Ford Transit,"$52,503",White
540,https://www.carpages.ca/used-cars/ontario/mississauga/2010-ford-escape-7778331/,2010 Ford Escape,"$3,396",Sterling Grey Metallic
541,https://www.carpages.ca/used-cars/ontario/north-york/2010-lexus-rx-450h-7776762/,2010 Lexus RX 450h,"$16,999",Silver
542,https://www.carpages.ca/used-cars/ontario/north-york/2012-toyota-highlander-hybrid-7776690/,2012 Toyota Highlander Hybrid,"$19,995",Pearl White
543,https://www.carpages.ca/used-cars/ontario/tilbury/2014-tesla-model-s-7776210/,2014 Tesla Model S,"$47,999",Brown
544,https://www.carpages.ca/new-cars/ontario/cornwall/2021-ford-f-150-7775955/,2021 Ford F-150,"$77,185",Red
545,https://www.carpages.ca/new-cars/ontario/cornwall/2021-ford-f-150-7775952/,2021 Ford F-150,"$64,519",Black
546,https://www.carpages.ca/used-cars/ontario/stittsville/2012-toyota-camry-7775925/,2012 Toyota Camry,"$12,999",White
547,https://www.carpages.ca/used-cars/british-columbia/port-coquitlam/2016-tesla-model-s-7775844/,2016 Tesla Model S,"$57,995",Black
548,https://www.carpages.ca/used-cars/new-brunswick/dieppe/2021-mercedes-benz-gle-7775715/,2021 Mercedes-Benz GLE,"$99,999",Selenite Grey Met
549,https://www.carpages.ca/used-cars/ontario/oakville/2018-tesla-model-x-7775580/,2018 Tesla Model X,"$89,950",Grey
550,https://www.carpages.ca/new-cars/nova-scotia/halifax/2022-hyundai-tucson-7774680/,2022 Hyundai Tucson,"$40,824",Crystal White
551,https://www.carpages.ca/new-cars/new-brunswick/woodstock/2021-ford-escape-7774470/,2021 Ford Escape,"$41,544",Black
552,https://www.carpages.ca/used-cars/saskatchewan/regina/2019-ford-fusion-7773810/,2019 Ford Fusion,"$22,915",Silver
553,https://www.carpages.ca/new-cars/ontario/kanata/2022-hyundai-ioniq-hybrid-7773492/,2022 Hyundai Ioniq Hybrid,"$31,690",Fiery Red
554,https://www.carpages.ca/new-cars/ontario/north-bay/2022-hyundai-tucson-7772742/,2022 Hyundai Tucson,"$43,724",ASH BLACK
555,https://www.carpages.ca/used-cars/ontario/north-york/2011-toyota-camry-7772541/,2011 Toyota Camry,"$10,950",Grey
556,https://www.carpages.ca/new-cars/saskatchewan/regina/2022-lexus-ux-7772214/,2022 Lexus UX,"$47,295",Grey
557,https://www.carpages.ca/new-cars/saskatchewan/regina/2022-ram-1500-7770732/,2022 RAM 1500,"$78,769",Patriot Blue Pearl
558,https://www.carpages.ca/new-cars/saskatchewan/regina/2022-ram-1500-7770729/,2022 RAM 1500,"$78,819",Maximum Steel Metallic
559,https://www.carpages.ca/new-cars/saskatchewan/regina/2022-ram-1500-7770726/,2022 RAM 1500,"$78,924",Ivory Tri-Coat Pearl
560,https://www.carpages.ca/new-cars/saskatchewan/regina/2022-ram-1500-7770723/,2022 RAM 1500,"$78,869",Diamond Black Crystal Pearlcoat
561,https://www.carpages.ca/new-cars/saskatchewan/regina/2022-ram-1500-7770720/,2022 RAM 1500,"$78,819",Granite Crystal Metallic
562,https://www.carpages.ca/new-cars/saskatchewan/regina/2022-ram-1500-7770717/,2022 RAM 1500,"$78,374",Bright White
563,https://www.carpages.ca/new-cars/ontario/windsor/2022-hyundai-tucson-7770648/,2022 Hyundai Tucson,"$41,599",Crystal White
564,https://www.carpages.ca/new-cars/ontario/windsor/2022-hyundai-tucson-7770645/,2022 Hyundai Tucson,"$41,599",ASH BLACK
565,https://www.carpages.ca/new-cars/nova-scotia/port-hawkesbury/2021-toyota-venza-7770636/,2021 Toyota Venza,"$47,690",01K9 COASTAL GRAY METALLIC
566,https://www.carpages.ca/used-cars/ontario/thornhill/2016-hyundai-sonata-7770630/,2016 Hyundai Sonata,"$15,410",Black
567,https://www.carpages.ca/used-cars/ontario/kingston/2015-cadillac-srx-7770564/,2015 Cadillac SRX,"$19,999",Grey
568,https://www.carpages.ca/new-cars/ontario/kingston/2021-ford-f-150-7770558/,2021 Ford F-150,"$65,519",Carbonized Grey Metallic
569,https://www.carpages.ca/new-cars/ontario/peterborough/2022-ford-f-250-7770330/,2022 Ford F-250,"$54,179",Oxford White YZ
570,https://www.carpages.ca/new-cars/ontario/niagara-falls/2021-ford-transit-7770303/,2021 Ford Transit,"$54,698",White
571,https://www.carpages.ca/new-cars/ontario/niagara-falls/2022-ford-escape-7770297/,2022 Ford Escape,"$39,943",Oxford White
572,https://www.carpages.ca/new-cars/ontario/niagara-falls/2022-ford-escape-7770294/,2022 Ford Escape,"$45,443",Iconic Silver Metallic
573,https://www.carpages.ca/new-cars/ontario/niagara-falls/2022-ford-f-350-7770291/,2022 Ford F-350,"$56,593",Cial Dealer Account Adjustm
574,https://www.carpages.ca/new-cars/saskatchewan/regina/2021-ford-escape-7770183/,2021 Ford Escape,"$40,394",Agate Black Metallic
575,https://www.carpages.ca/new-cars/ontario/bracebridge/2021-jeep-wrangler-7769868/,2021 Jeep Wrangler,"$60,656",Green
576,https://www.carpages.ca/used-cars/ontario/clarington/2019-tesla-model-3-7769196/,2019 Tesla Model 3,"$54,995",Pearl White Multi-Coat
577,https://www.carpages.ca/used-cars/ontario/brampton/2019-chevrolet-bolt-7769100/,2019 Chevrolet Bolt,"$33,795",Silver Ice Metallic
578,https://www.carpages.ca/used-cars/ontario/brantford/2021-tesla-model-3-7767564/,2021 Tesla Model 3,"$62,988",Blue
579,https://www.carpages.ca/used-cars/ontario/brantford/2020-tesla-model-3-7767561/,2020 Tesla Model 3,"$59,988",White
580,https://www.carpages.ca/used-cars/ontario/brantford/2020-tesla-model-3-7767558/,2020 Tesla Model 3,"$59,988",Blue
581,https://www.carpages.ca/used-cars/ontario/brampton/2020-hyundai-sonata-7767531/,2020 Hyundai Sonata,"$39,900",Black
582,https://www.carpages.ca/new-cars/alberta/fort-saskatchewan/2021-ford-f-150-7767390/,2021 Ford F-150,"$90,195",White
583,https://www.carpages.ca/used-cars/alberta/edmonton/2007-honda-civic-7767291/,2007 Honda Civic,"$6,450",Silver
584,https://www.carpages.ca/used-cars/ontario/kitchener/2017-toyota-camry-7765488/,2017 Toyota Camry,"$24,453",Red
585,https://www.carpages.ca/new-cars/alberta/edmonton/2022-lexus-ux-7765467/,2022 Lexus UX,"$49,121",Caviar
586,https://www.carpages.ca/new-cars/alberta/edmonton/2022-lexus-ux-7765449/,2022 Lexus UX,"$43,821",Nebula Grey Pearl
587,https://www.carpages.ca/new-cars/alberta/edmonton/2022-lexus-ux-7765437/,2022 Lexus UX,"$50,900",Eminent White Pearl
588,https://www.carpages.ca/new-cars/alberta/edmonton/2022-lexus-ux-7765404/,2022 Lexus UX,"$46,271",Ultra White
589,https://www.carpages.ca/new-cars/ontario/tilbury/2021-ford-f-150-7790853/,2021 Ford F-150,"$77,485",White
590,https://www.carpages.ca/new-cars/british-columbia/langley/2022-toyota-camry-7789464/,2022 Toyota Camry,"$37,650",0218 BLK
591,https://www.carpages.ca/new-cars/british-columbia/langley/2022-toyota-camry-7789461/,2022 Toyota Camry,"$31,050",0040 WHI
592,https://www.carpages.ca/new-cars/manitoba/brandon/2021-ford-f-150-7789404/,2021 Ford F-150,"$60,024",Oxford White
593,https://www.carpages.ca/new-cars/manitoba/brandon/2021-ford-f-150-7789395/,2021 Ford F-150,"$68,180",Oxford White
594,https://www.carpages.ca/used-cars/ontario/mississauga/2017-ford-fusion-7789101/,2017 Ford Fusion,"$21,998",White Platinum Metallic Tri-Coat
595,https://www.carpages.ca/used-cars/ontario/mississauga/2018-ford-f-150-7789089/,2018 Ford F-150,"$36,998",
596,https://www.carpages.ca/new-cars/ontario/mississauga/2021-ford-escape-7789077/,2021 Ford Escape,"$44,369",STAR WHITE METALLIC TRI-COAT
597,https://www.carpages.ca/new-cars/ontario/oakville/2021-ford-escape-7788987/,2021 Ford Escape,"$41,496",Carbonized Grey Metallic
598,https://www.carpages.ca/new-cars/saskatchewan/regina/2021-ford-escape-7788984/,2021 Ford Escape,"$45,194",Velocity Blue Metallic
599,https://www.carpages.ca/new-cars/saskatchewan/prince-albert/2021-ford-f-150-7788567/,2021 Ford F-150,"$64,859",Carbonized Grey Metallic
600,https://www.carpages.ca/new-cars/saskatchewan/prince-albert/2021-ford-f-150-7788564/,2021 Ford F-150,"$91,175",Rapid Red Metallic Tinted Clearcoat
601,https://www.carpages.ca/new-cars/ontario/nepean/2022-hyundai-tucson-7788483/,2022 Hyundai Tucson,"$41,907",Deep SEA
602,https://www.carpages.ca/new-cars/ontario/kanata/2022-hyundai-ioniq-7788354/,2022 Hyundai IONIQ,"$35,540",Typhoon Silv
603,https://www.carpages.ca/used-cars/ontario/north-york/2019-tesla-model-3-7787454/,2019 Tesla Model 3,"$52,995",Solid Black
604,https://www.carpages.ca/used-cars/ontario/north-york/2019-tesla-model-3-7787436/,2019 Tesla Model 3,"$55,995",Solid Black
605,https://www.carpages.ca/used-cars/ontario/ottawa/2014-ford-focus-7787238/,2014 Ford Focus,"$11,495",Silver
606,https://www.carpages.ca/new-cars/nova-scotia/port-hawkesbury/2021-ford-escape-7785519/,2021 Ford Escape,"$44,494",Agate Black Metallic
607,https://www.carpages.ca/new-cars/manitoba/portage-la-prairie/2022-toyota-corolla-7784652/,2022 Toyota Corolla,"$27,318.75",01F7 GRY
608,https://www.carpages.ca/new-cars/alberta/edmonton/2022-lexus-rx-450h-7784511/,2022 Lexus RX 450h,"$63,621",Eminent White Pearl
609,https://www.carpages.ca/new-cars/saskatchewan/saskatoon/2021-jeep-wrangler-7784247/,2021 Jeep Wrangler,"$59,670",Sting-Grey
610,https://www.carpages.ca/new-cars/saskatchewan/saskatoon/2022-ram-1500-7784229/,2022 RAM 1500,"$80,210",Ivory Tri-Coat Pearl
611,https://www.carpages.ca/new-cars/manitoba/winnipeg/2021-jeep-wrangler-7784142/,2021 Jeep Wrangler,"$61,900",Black
612,https://www.carpages.ca/used-cars/manitoba/winnipeg/2020-ram-1500-7784091/,2020 RAM 1500,"$78,000",Ivory Tri-Coat Pearl
613,https://www.carpages.ca/new-cars/ontario/windsor/2022-hyundai-sonata-7783878/,2022 Hyundai Sonata,"$40,649",Hyper White
614,https://www.carpages.ca/new-cars/ontario/windsor/2022-hyundai-elantra-7783863/,2022 Hyundai Elantra,"$27,099",Cyber Grey
615,https://www.carpages.ca/new-cars/nova-scotia/halifax/2021-jeep-wrangler-7783497/,2021 Jeep Wrangler,"$64,610",Black
616,https://www.carpages.ca/new-cars/nova-scotia/halifax/2021-jeep-wrangler-7783494/,2021 Jeep Wrangler,"$60,670",FIRECRACKER RED
617,https://www.carpages.ca/new-cars/saskatchewan/regina/2021-ford-escape-7783338/,2021 Ford Escape,"$45,744",STAR WHITE METALLIC TRI-COAT
618,https://www.carpages.ca/new-cars/british-columbia/abbotsford/2021-jeep-wrangler-7783179/,2021 Jeep Wrangler,"$60,195",Sarge Green
619,https://www.carpages.ca/used-cars/british-columbia/surrey/2020-tesla-model-3-7783146/,2020 Tesla Model 3,"$56,885",Grey
620,https://www.carpages.ca/new-cars/alberta/high-river/2021-toyota-highlander-7783038/,2021 Toyota Highlander,"$50,410",Magnetic Grey Metallic
621,https://www.carpages.ca/new-cars/saskatchewan/prince-albert/2021-ford-escape-7783023/,2021 Ford Escape,"$43,444",DESERT GOLD METALLIC
622,https://www.carpages.ca/new-cars/ontario/brantford/2022-hyundai-tucson-7782753/,2022 Hyundai Tucson,"$44,187",CRYSTAL WHITE(TW3-NNB)-BLACK
623,https://www.carpages.ca/used-cars/ontario/north-york/2018-tesla-model-3-7782060/,2018 Tesla Model 3,"$54,995",White
624,https://www.carpages.ca/used-cars/manitoba/winnipeg/2018-tesla-model-3-7781922/,2018 Tesla Model 3,"$61,980",Black
625,https://www.carpages.ca/new-cars/manitoba/winnipeg/2021-ford-escape-7781208/,2021 Ford Escape,"$43,854",Agate Black Metallic
626,https://www.carpages.ca/used-cars/ontario/etobicoke/2010-lexus-rx-450h-7780992/,2010 Lexus RX 450h,"$13,888",Silver
627,https://www.carpages.ca/new-cars/ontario/hamilton/2021-toyota-highlander-7780623/,2021 Toyota Highlander,"$50,839.70",Silver
628,https://www.carpages.ca/used-cars/ontario/oakville/2019-toyota-camry-7779174/,2019 Toyota Camry,"$34,988",Gray
629,https://www.carpages.ca/new-cars/ontario/windsor/2022-hyundai-santa-fe-7778898/,2022 Hyundai Santa Fe,"$43,899",White Cream
630,https://www.carpages.ca/new-cars/ontario/mississauga/2022-hyundai-tucson-7778823/,2022 Hyundai Tucson,"$41,799",Amazon Grey
631,https://www.carpages.ca/new-cars/ontario/mississauga/2022-hyundai-tucson-7778814/,2022 Hyundai Tucson,"$41,799",Amazon Grey
632,https://www.carpages.ca/new-cars/ontario/bolton/2021-jeep-wrangler-7778802/,2021 Jeep Wrangler,"$71,510",White
633,https://www.carpages.ca/used-cars/saskatchewan/moose-jaw/2018-ford-fusion-7778742/,2018 Ford Fusion,"$24,987",White Platinum Metallic Tri-Coat
634,https://www.carpages.ca/new-cars/nova-scotia/halifax/2022-volvo-xc60-7778553/,2022 Volvo XC60,"$61,435",Onyx Black Metallic
635,https://www.carpages.ca/new-cars/nova-scotia/halifax/2022-volvo-xc60-7778550/,2022 Volvo XC60,"$61,435",Denim Blue Metallic
636,https://www.carpages.ca/new-cars/ontario/ottawa/2021-ford-f-150-7778436/,2021 Ford F-150,"$61,304",Agate Black Metallic
637,https://www.carpages.ca/new-cars/ontario/niagara-falls/2021-ford-transit-7778385/,2021 Ford Transit,"$52,503",White
638,https://www.carpages.ca/used-cars/ontario/mississauga/2010-ford-escape-7778331/,2010 Ford Escape,"$3,396",Sterling Grey Metallic
639,https://www.carpages.ca/used-cars/ontario/north-york/2010-lexus-rx-450h-7776762/,2010 Lexus RX 450h,"$16,999",Silver
640,https://www.carpages.ca/used-cars/ontario/north-york/2012-toyota-highlander-hybrid-7776690/,2012 Toyota Highlander Hybrid,"$19,995",Pearl White
641,https://www.carpages.ca/used-cars/ontario/tilbury/2014-tesla-model-s-7776210/,2014 Tesla Model S,"$47,999",Brown
642,https://www.carpages.ca/new-cars/ontario/cornwall/2021-ford-f-150-7775955/,2021 Ford F-150,"$77,185",Red
643,https://www.carpages.ca/new-cars/ontario/cornwall/2021-ford-f-150-7775952/,2021 Ford F-150,"$64,519",Black
644,https://www.carpages.ca/used-cars/ontario/stittsville/2012-toyota-camry-7775925/,2012 Toyota Camry,"$12,999",White
645,https://www.carpages.ca/used-cars/british-columbia/port-coquitlam/2016-tesla-model-s-7775844/,2016 Tesla Model S,"$57,995",Black
646,https://www.carpages.ca/used-cars/new-brunswick/dieppe/2021-mercedes-benz-gle-7775715/,2021 Mercedes-Benz GLE,"$99,999",Selenite Grey Met
647,https://www.carpages.ca/used-cars/ontario/oakville/2018-tesla-model-x-7775580/,2018 Tesla Model X,"$89,950",Grey
648,https://www.carpages.ca/new-cars/nova-scotia/halifax/2022-hyundai-tucson-7774680/,2022 Hyundai Tucson,"$40,824",Crystal White
649,https://www.carpages.ca/new-cars/new-brunswick/woodstock/2021-ford-escape-7774470/,2021 Ford Escape,"$41,544",Black
650,https://www.carpages.ca/used-cars/saskatchewan/regina/2019-ford-fusion-7773810/,2019 Ford Fusion,"$22,915",Silver
651,https://www.carpages.ca/new-cars/ontario/kanata/2022-hyundai-ioniq-hybrid-7773492/,2022 Hyundai Ioniq Hybrid,"$31,690",Fiery Red
652,https://www.carpages.ca/new-cars/ontario/north-bay/2022-hyundai-tucson-7772742/,2022 Hyundai Tucson,"$43,724",ASH BLACK
653,https://www.carpages.ca/used-cars/ontario/north-york/2011-toyota-camry-7772541/,2011 Toyota Camry,"$10,950",Grey
654,https://www.carpages.ca/new-cars/saskatchewan/regina/2022-lexus-ux-7772214/,2022 Lexus UX,"$47,295",Grey
655,https://www.carpages.ca/new-cars/saskatchewan/regina/2022-ram-1500-7770732/,2022 RAM 1500,"$78,769",Patriot Blue Pearl
656,https://www.carpages.ca/new-cars/saskatchewan/regina/2022-ram-1500-7770729/,2022 RAM 1500,"$78,819",Maximum Steel Metallic
657,https://www.carpages.ca/new-cars/saskatchewan/regina/2022-ram-1500-7770726/,2022 RAM 1500,"$78,924",Ivory Tri-Coat Pearl
658,https://www.carpages.ca/new-cars/saskatchewan/regina/2022-ram-1500-7770723/,2022 RAM 1500,"$78,869",Diamond Black Crystal Pearlcoat
659,https://www.carpages.ca/new-cars/saskatchewan/regina/2022-ram-1500-7770720/,2022 RAM 1500,"$78,819",Granite Crystal Metallic
660,https://www.carpages.ca/new-cars/saskatchewan/regina/2022-ram-1500-7770717/,2022 RAM 1500,"$78,374",Bright White
661,https://www.carpages.ca/new-cars/ontario/windsor/2022-hyundai-tucson-7770648/,2022 Hyundai Tucson,"$41,599",Crystal White
662,https://www.carpages.ca/new-cars/ontario/windsor/2022-hyundai-tucson-7770645/,2022 Hyundai Tucson,"$41,599",ASH BLACK
663,https://www.carpages.ca/new-cars/nova-scotia/port-hawkesbury/2021-toyota-venza-7770636/,2021 Toyota Venza,"$47,690",01K9 COASTAL GRAY METALLIC
664,https://www.carpages.ca/used-cars/ontario/thornhill/2016-hyundai-sonata-7770630/,2016 Hyundai Sonata,"$15,410",Black
665,https://www.carpages.ca/used-cars/ontario/kingston/2015-cadillac-srx-7770564/,2015 Cadillac SRX,"$19,999",Grey
666,https://www.carpages.ca/new-cars/ontario/kingston/2021-ford-f-150-7770558/,2021 Ford F-150,"$65,519",Carbonized Grey Metallic
667,https://www.carpages.ca/new-cars/ontario/peterborough/2022-ford-f-250-7770330/,2022 Ford F-250,"$54,179",Oxford White YZ
668,https://www.carpages.ca/new-cars/ontario/niagara-falls/2021-ford-transit-7770303/,2021 Ford Transit,"$54,698",White
669,https://www.carpages.ca/new-cars/ontario/niagara-falls/2022-ford-escape-7770297/,2022 Ford Escape,"$39,943",Oxford White
670,https://www.carpages.ca/new-cars/ontario/niagara-falls/2022-ford-escape-7770294/,2022 Ford Escape,"$45,443",Iconic Silver Metallic
671,https://www.carpages.ca/new-cars/ontario/niagara-falls/2022-ford-f-350-7770291/,2022 Ford F-350,"$56,593",Cial Dealer Account Adjustm
672,https://www.carpages.ca/new-cars/saskatchewan/regina/2021-ford-escape-7770183/,2021 Ford Escape,"$40,394",Agate Black Metallic
673,https://www.carpages.ca/new-cars/ontario/bracebridge/2021-jeep-wrangler-7769868/,2021 Jeep Wrangler,"$60,656",Green
674,https://www.carpages.ca/used-cars/ontario/clarington/2019-tesla-model-3-7769196/,2019 Tesla Model 3,"$54,995",Pearl White Multi-Coat
675,https://www.carpages.ca/used-cars/ontario/brampton/2019-chevrolet-bolt-7769100/,2019 Chevrolet Bolt,"$33,795",Silver Ice Metallic
676,https://www.carpages.ca/used-cars/ontario/brantford/2021-tesla-model-3-7767564/,2021 Tesla Model 3,"$62,988",Blue
677,https://www.carpages.ca/used-cars/ontario/brantford/2020-tesla-model-3-7767561/,2020 Tesla Model 3,"$59,988",White
678,https://www.carpages.ca/used-cars/ontario/brantford/2020-tesla-model-3-7767558/,2020 Tesla Model 3,"$59,988",Blue
679,https://www.carpages.ca/used-cars/ontario/brampton/2020-hyundai-sonata-7767531/,2020 Hyundai Sonata,"$39,900",Black
680,https://www.carpages.ca/new-cars/alberta/fort-saskatchewan/2021-ford-f-150-7767390/,2021 Ford F-150,"$90,195",White
681,https://www.carpages.ca/used-cars/alberta/edmonton/2007-honda-civic-7767291/,2007 Honda Civic,"$6,450",Silver
682,https://www.carpages.ca/used-cars/ontario/kitchener/2017-toyota-camry-7765488/,2017 Toyota Camry,"$24,453",Red
683,https://www.carpages.ca/new-cars/alberta/edmonton/2022-lexus-ux-7765467/,2022 Lexus UX,"$49,121",Caviar
684,https://www.carpages.ca/new-cars/alberta/edmonton/2022-lexus-ux-7765449/,2022 Lexus UX,"$43,821",Nebula Grey Pearl
685,https://www.carpages.ca/new-cars/alberta/edmonton/2022-lexus-ux-7765437/,2022 Lexus UX,"$50,900",Eminent White Pearl
686,https://www.carpages.ca/new-cars/alberta/edmonton/2022-lexus-ux-7765404/,2022 Lexus UX,"$46,271",Ultra White
687,https://www.carpages.ca/new-cars/ontario/tilbury/2021-ford-f-150-7790853/,2021 Ford F-150,"$77,485",White
688,https://www.carpages.ca/new-cars/british-columbia/langley/2022-toyota-camry-7789464/,2022 Toyota Camry,"$37,650",0218 BLK
689,https://www.carpages.ca/new-cars/british-columbia/langley/2022-toyota-camry-7789461/,2022 Toyota Camry,"$31,050",0040 WHI
690,https://www.carpages.ca/new-cars/manitoba/brandon/2021-ford-f-150-7789404/,2021 Ford F-150,"$60,024",Oxford White
691,https://www.carpages.ca/new-cars/manitoba/brandon/2021-ford-f-150-7789395/,2021 Ford F-150,"$68,180",Oxford White
692,https://www.carpages.ca/used-cars/ontario/mississauga/2017-ford-fusion-7789101/,2017 Ford Fusion,"$21,998",White Platinum Metallic Tri-Coat
693,https://www.carpages.ca/used-cars/ontario/mississauga/2018-ford-f-150-7789089/,2018 Ford F-150,"$36,998",
694,https://www.carpages.ca/new-cars/ontario/mississauga/2021-ford-escape-7789077/,2021 Ford Escape,"$44,369",STAR WHITE METALLIC TRI-COAT
695,https://www.carpages.ca/new-cars/ontario/oakville/2021-ford-escape-7788987/,2021 Ford Escape,"$41,496",Carbonized Grey Metallic
696,https://www.carpages.ca/new-cars/saskatchewan/regina/2021-ford-escape-7788984/,2021 Ford Escape,"$45,194",Velocity Blue Metallic
697,https://www.carpages.ca/new-cars/saskatchewan/prince-albert/2021-ford-f-150-7788567/,2021 Ford F-150,"$64,859",Carbonized Grey Metallic
698,https://www.carpages.ca/new-cars/saskatchewan/prince-albert/2021-ford-f-150-7788564/,2021 Ford F-150,"$91,175",Rapid Red Metallic Tinted Clearcoat
699,https://www.carpages.ca/new-cars/ontario/nepean/2022-hyundai-tucson-7788483/,2022 Hyundai Tucson,"$41,907",Deep SEA
700,https://www.carpages.ca/new-cars/ontario/kanata/2022-hyundai-ioniq-7788354/,2022 Hyundai IONIQ,"$35,540",Typhoon Silv
701,https://www.carpages.ca/used-cars/ontario/north-york/2019-tesla-model-3-7787454/,2019 Tesla Model 3,"$52,995",Solid Black
702,https://www.carpages.ca/used-cars/ontario/north-york/2019-tesla-model-3-7787436/,2019 Tesla Model 3,"$55,995",Solid Black
703,https://www.carpages.ca/used-cars/ontario/ottawa/2014-ford-focus-7787238/,2014 Ford Focus,"$11,495",Silver
704,https://www.carpages.ca/new-cars/nova-scotia/port-hawkesbury/2021-ford-escape-7785519/,2021 Ford Escape,"$44,494",Agate Black Metallic
705,https://www.carpages.ca/new-cars/manitoba/portage-la-prairie/2022-toyota-corolla-7784652/,2022 Toyota Corolla,"$27,318.75",01F7 GRY
706,https://www.carpages.ca/new-cars/alberta/edmonton/2022-lexus-rx-450h-7784511/,2022 Lexus RX 450h,"$63,621",Eminent White Pearl
707,https://www.carpages.ca/new-cars/saskatchewan/saskatoon/2021-jeep-wrangler-7784247/,2021 Jeep Wrangler,"$59,670",Sting-Grey
708,https://www.carpages.ca/new-cars/saskatchewan/saskatoon/2022-ram-1500-7784229/,2022 RAM 1500,"$80,210",Ivory Tri-Coat Pearl
709,https://www.carpages.ca/new-cars/manitoba/winnipeg/2021-jeep-wrangler-7784142/,2021 Jeep Wrangler,"$61,900",Black
710,https://www.carpages.ca/used-cars/manitoba/winnipeg/2020-ram-1500-7784091/,2020 RAM 1500,"$78,000",Ivory Tri-Coat Pearl
711,https://www.carpages.ca/new-cars/ontario/windsor/2022-hyundai-sonata-7783878/,2022 Hyundai Sonata,"$40,649",Hyper White
712,https://www.carpages.ca/new-cars/ontario/windsor/2022-hyundai-elantra-7783863/,2022 Hyundai Elantra,"$27,099",Cyber Grey
713,https://www.carpages.ca/new-cars/nova-scotia/halifax/2021-jeep-wrangler-7783497/,2021 Jeep Wrangler,"$64,610",Black
714,https://www.carpages.ca/new-cars/nova-scotia/halifax/2021-jeep-wrangler-7783494/,2021 Jeep Wrangler,"$60,670",FIRECRACKER RED
715,https://www.carpages.ca/new-cars/saskatchewan/regina/2021-ford-escape-7783338/,2021 Ford Escape,"$45,744",STAR WHITE METALLIC TRI-COAT
716,https://www.carpages.ca/new-cars/british-columbia/abbotsford/2021-jeep-wrangler-7783179/,2021 Jeep Wrangler,"$60,195",Sarge Green
717,https://www.carpages.ca/used-cars/british-columbia/surrey/2020-tesla-model-3-7783146/,2020 Tesla Model 3,"$56,885",Grey
718,https://www.carpages.ca/new-cars/alberta/high-river/2021-toyota-highlander-7783038/,2021 Toyota Highlander,"$50,410",Magnetic Grey Metallic
719,https://www.carpages.ca/new-cars/saskatchewan/prince-albert/2021-ford-escape-7783023/,2021 Ford Escape,"$43,444",DESERT GOLD METALLIC
720,https://www.carpages.ca/new-cars/ontario/brantford/2022-hyundai-tucson-7782753/,2022 Hyundai Tucson,"$44,187",CRYSTAL WHITE(TW3-NNB)-BLACK
721,https://www.carpages.ca/used-cars/ontario/north-york/2018-tesla-model-3-7782060/,2018 Tesla Model 3,"$54,995",White
722,https://www.carpages.ca/used-cars/manitoba/winnipeg/2018-tesla-model-3-7781922/,2018 Tesla Model 3,"$61,980",Black
723,https://www.carpages.ca/new-cars/manitoba/winnipeg/2021-ford-escape-7781208/,2021 Ford Escape,"$43,854",Agate Black Metallic
724,https://www.carpages.ca/used-cars/ontario/etobicoke/2010-lexus-rx-450h-7780992/,2010 Lexus RX 450h,"$13,888",Silver
725,https://www.carpages.ca/new-cars/ontario/hamilton/2021-toyota-highlander-7780623/,2021 Toyota Highlander,"$50,839.70",Silver
726,https://www.carpages.ca/used-cars/ontario/oakville/2019-toyota-camry-7779174/,2019 Toyota Camry,"$34,988",Gray
727,https://www.carpages.ca/new-cars/ontario/windsor/2022-hyundai-santa-fe-7778898/,2022 Hyundai Santa Fe,"$43,899",White Cream
728,https://www.carpages.ca/new-cars/ontario/mississauga/2022-hyundai-tucson-7778823/,2022 Hyundai Tucson,"$41,799",Amazon Grey
729,https://www.carpages.ca/new-cars/ontario/mississauga/2022-hyundai-tucson-7778814/,2022 Hyundai Tucson,"$41,799",Amazon Grey
730,https://www.carpages.ca/new-cars/ontario/bolton/2021-jeep-wrangler-7778802/,2021 Jeep Wrangler,"$71,510",White
731,https://www.carpages.ca/used-cars/saskatchewan/moose-jaw/2018-ford-fusion-7778742/,2018 Ford Fusion,"$24,987",White Platinum Metallic Tri-Coat
732,https://www.carpages.ca/new-cars/nova-scotia/halifax/2022-volvo-xc60-7778553/,2022 Volvo XC60,"$61,435",Onyx Black Metallic
733,https://www.carpages.ca/new-cars/nova-scotia/halifax/2022-volvo-xc60-7778550/,2022 Volvo XC60,"$61,435",Denim Blue Metallic
734,https://www.carpages.ca/new-cars/ontario/ottawa/2021-ford-f-150-7778436/,2021 Ford F-150,"$61,304",Agate Black Metallic
735,https://www.carpages.ca/new-cars/ontario/niagara-falls/2021-ford-transit-7778385/,2021 Ford Transit,"$52,503",White
